construct,batch,positions,C295_editing_fraction,C295_control_fraction,C295_delta_pp,C295_a,C295_b,C295_true_class,C295_predicted_class,C295_score_0,C295_score_1,C388_editing_fraction,C388_control_fraction,C388_delta_pp,C388_a,C388_b,C388_true_class,C388_predicted_class,C388_score_0,C388_score_1,C388_score_2,C871_editing_fraction,C871_control_fraction,C871_delta_pp,C871_a,C871_b,C871_true_class,C871_predicted_class,C871_score_0,C871_score_1
10_p1_gvd,new_TRM,[1],0.092035,0.3158525,-22.381750000000004,10.0,0.0,0.0,1.0,0.12154920930113897,0.878450790698861,0.48944,0.6708099999999999,-18.136999999999993,10.0,2.5,0.0,1.0,-1.0680859328634533,0.8574103158178403,-0.7893243829543859,0.37205,0.570635,-19.8585,5.0,0.0,0.0,0.0,0.5277075324895117,0.4722924675104882
11_p1_sne,new_TRM,[1],0.373535,0.3158525,5.7682499999999965,20.0,0.0,1.0,1.0,-0.14711455363236503,0.14711455363236503,0.645035,0.6708099999999999,-2.577499999999988,10.0,2.5,1.0,0.0,0.5033421843232893,0.45094151474893407,0.04571630092777674,0.529685,0.570635,-4.095000000000004,7.5,0.0,1.0,0.0,0.2915707447303728,-0.2915707447303728
12_p1_sre,new_TRM,[1],0.362905,0.3158525,4.7052499999999995,12.5,0.0,1.0,1.0,-0.9441764453387118,0.9441764453387118,0.603885,0.6708099999999999,-6.69249999999999,12.5,2.5,1.0,1.0,-0.5739318439738401,0.23926889613997976,-0.6653370521661399,0.488465,0.570635,-8.216999999999997,7.5,0.0,0.0,0.0,0.17191507827886285,-0.17191507827886285
13_p1_swd,new_TRM,[1],0.23197,0.3158525,-8.388250000000003,10.0,0.0,1.0,1.0,0.16930150846718078,0.830698491532819,0.645755,0.6708099999999999,-2.505499999999994,12.5,2.5,1.0,0.0,0.264524021539851,-0.5958346000971082,-0.6686894214427438,0.42327,0.570635,-14.736499999999996,5.0,0.0,0.0,0.0,0.5221982242471126,0.47780177575288735
14_p1_the,new_TRM,[1],0.272315,0.3158525,-4.353750000000006,10.0,0.0,1.0,1.0,0.1072611358282221,0.892738864171778,0.49863,0.6708099999999999,-17.21799999999999,12.5,2.5,0.0,1.0,-0.262841101458664,-0.07071511445016124,-0.7353922323878123,0.361235,0.570635,-20.940000000000005,25.0,0.0,1.0,1.0,0.07143746131702845,0.9285625386829716
15_p2_ckr,new_TRM,[2],0.31001,0.3158525,-0.5842500000000028,12.5,0.0,1.0,1.0,-0.969596559433441,0.969596559433441,0.465505,0.6708099999999999,-20.53049999999999,12.5,2.5,0.0,0.0,0.35646641419705327,0.3493654130485585,0.29416817275438817,0.35574,0.570635,-21.4895,7.5,0.0,0.0,0.0,0.635694596827414,0.3643054031725861
16_p3_vwh,new_TRM,[3],0.0,0.3158525,-31.58525,10.0,0.0,0.0,0.0,0.8027716258254303,-0.8027716258254303,0.33618,0.6708099999999999,-33.46299999999999,12.5,2.5,0.0,0.0,-0.17851525755686132,-0.1910054929495224,-0.672537208380147,0.2082649999999999,0.570635,-36.237,7.5,0.0,0.0,0.0,0.5063174014832894,-0.5063174014832894
17_p1_she,new_TRM,[1],0.25939,0.3158525,-5.646250000000003,15.0,0.0,1.0,1.0,0.21598504555054873,0.7840149544494512,0.5785750000000001,0.6708099999999999,-9.223499999999984,20.0,2.5,1.0,1.0,0.3476210018829391,0.36699935150239776,0.2853796466146632,0.4257149999999999,0.570635,-14.492000000000004,7.5,0.0,0.0,0.0,0.07249534137291336,-0.07249534137291336
18_p3_frp,new_TRM,[3],0.0,0.3158525,-31.58525,15.0,0.0,0.0,0.0,0.7869643998106098,0.21303560018939027,0.41349,0.6708099999999999,-25.73199999999999,15.0,2.5,0.0,0.0,0.6004240857430824,0.3955668682042863,0.004009046052631579,0.195975,0.570635,-37.466,5.0,0.0,0.0,0.0,1.4736316274101433,-1.4736316274101433
19_p3_rgy,new_TRM,[3],0.0,0.3158525,-31.58525,10.0,0.0,0.0,0.0,0.8320934699057123,0.1679065300942879,0.45716,0.6708099999999999,-21.364999999999988,15.0,2.5,0.0,0.0,0.36662280048709833,-0.6506713696390309,-0.7159514308480676,0.225555,0.570635,-34.508,7.5,0.0,0.0,0.0,1.365849594352556,-1.365849594352556
20_p3_rmy,new_TRM,[3],0.0,0.3158525,-31.58525,15.0,0.0,0.0,0.0,0.13753559983396516,-0.13753559983396516,0.378585,0.6708099999999999,-29.22249999999999,15.0,2.5,0.0,1.0,-0.5374780640166266,0.6585552234200592,-1.121077159403433,0.22019,0.570635,-35.0445,7.5,0.0,0.0,1.0,0.49121261447918796,0.5087873855208123
21_p3_srq,new_TRM,[3],0.20384,0.3158525,-11.201250000000002,15.0,0.0,1.0,0.0,0.770789762883171,0.22921023711682884,0.5973599999999999,0.6708099999999999,-7.3450000000000015,10.0,2.5,1.0,1.0,0.336769450836575,0.3369332645524079,0.3262972846110171,0.519265,0.570635,-5.137000000000002,25.0,0.0,1.0,1.0,-0.17677121658812367,0.17677121658812367
22_p3_trq,new_TRM,[3],0.25001,0.3158525,-6.584250000000003,15.0,0.0,1.0,1.0,-0.12152248060637713,0.12152248060637713,0.5903499999999999,0.6708099999999999,-8.045999999999998,12.5,2.5,1.0,0.0,0.3946440506639758,-0.39786804983461393,-0.9967760008293618,0.5383150000000001,0.570635,-3.2319999999999904,7.5,0.0,1.0,0.0,0.5083385676889922,0.4916614323110079
23_p3_vfh,new_TRM,[3],0.0,0.3158525,-31.58525,10.0,0.0,0.0,0.0,0.8141951005137074,0.1858048994862925,0.62546,0.6708099999999999,-4.5349999999999895,10.0,2.5,1.0,0.0,0.5735635142244231,-0.5536146395867183,-1.0199488746377052,0.4917899999999999,0.570635,-7.884500000000005,12.5,0.0,1.0,0.0,0.3293956037737378,-0.3293956037737378
24_p3_vfq,new_TRM,[3],0.14842,0.3158525,-16.743250000000003,15.0,0.0,0.0,0.0,0.8235847840849462,0.176415215915054,0.44517,0.6708099999999999,-22.56399999999999,20.0,2.5,0.0,1.0,0.3688441599844423,0.3841518605704365,0.24700397944512123,0.0545449999999999,0.570635,-51.609,2.5,0.0,0.0,0.0,0.1312306075840811,-0.1312306075840811
25_p9_gns,new_TRM,[9],0.305515,0.3158525,-1.0337500000000055,10.0,0.0,1.0,1.0,-0.3631376157934687,0.3631376157934687,0.626795,0.6708099999999999,-4.4014999999999915,10.0,2.5,1.0,0.0,0.3752583457929262,0.3604287482277792,0.2643129059792946,0.26368,0.570635,-30.6955,5.0,0.0,0.0,0.0,0.4835152933156502,-0.4835152933156502
26_p9_nfp,new_TRM,[9],0.18807,0.3158525,-12.778250000000002,15.0,0.0,1.0,1.0,0.2097058146162735,0.7902941853837266,0.506135,0.6708099999999999,-16.46749999999999,12.5,2.5,0.0,1.0,0.1790142209561705,0.6409806725646064,0.1800051064792231,0.15261,0.570635,-41.802499999999995,7.5,0.0,0.0,1.0,-0.0916497175496506,0.0916497175496506
27_p9_nfq,new_TRM,[9],0.23351,0.3158525,-8.234250000000005,15.0,0.0,1.0,1.0,-0.2594070689701023,0.2594070689701023,0.58236,0.6708099999999999,-8.844999999999992,20.0,2.5,1.0,1.0,-0.2726485438615798,-0.1347063539002434,-0.5926451022381766,0.46969,0.570635,-10.0945,25.0,0.0,1.0,1.0,-0.08316235863717449,0.08316235863717449
28_p9_nfw,new_TRM,[9],0.36467,0.3158525,4.881749999999996,10.0,0.0,1.0,1.0,-0.15792529462566374,0.15792529462566374,0.697685,0.6708099999999999,2.6875000000000093,12.5,2.5,2.0,0.0,0.0018063786844233962,-0.10455747964464501,-0.8972488990397784,0.505645,0.570635,-6.498999999999999,7.5,0.0,1.0,1.0,-0.10824838946093673,0.10824838946093673
29_p9_npg,new_TRM,[9],0.0,0.3158525,-31.58525,15.0,0.0,0.0,1.0,-0.9330201986909992,0.9330201986909992,0.5687249999999999,0.6708099999999999,-10.208499999999995,10.0,2.5,0.0,1.0,-0.867655951383086,0.7754951952550523,-0.9078392438719662,0.523855,0.570635,-4.678000000000004,25.0,0.0,1.0,0.0,0.7362537986334116,0.26374620136658844
30_p9_nps,new_TRM,[9],0.2552,0.3158525,-6.065250000000005,15.0,0.0,1.0,1.0,-0.896910429558593,0.896910429558593,0.6046,0.6708099999999999,-6.620999999999988,12.5,2.5,1.0,1.0,-0.8237058637764179,0.6682839722530939,-0.8406471709246118,0.20388,0.570635,-36.6755,2.5,0.0,0.0,0.0,0.03721246785310431,-0.03721246785310431
31_p9_nsg,new_TRM,[9],0.294915,0.3158525,-2.0937500000000053,10.0,0.0,1.0,1.0,0.2106272253029583,0.7893727746970417,0.600605,0.6708099999999999,-7.020499999999985,7.5,2.5,1.0,0.0,0.4283538451711524,0.38160521548767695,0.19004093934117075,0.2164,0.570635,-35.4235,2.5,0.0,0.0,0.0,0.553789706200207,0.4462102937997934
32_p9_ntq,new_TRM,[9],0.230325,0.3158525,-8.552750000000003,20.0,0.0,1.0,1.0,-0.05377081935818712,0.05377081935818712,0.629785,0.6708099999999999,-4.102499999999987,20.0,2.5,1.0,1.0,-0.2705840325858196,-0.2550353575098118,-0.4743806099043687,0.18463,0.570635,-38.6005,5.0,0.0,0.0,0.0,0.3294713922589327,-0.3294713922589327
33_p9_nwp,new_TRM,[9],0.171755,0.3158525,-14.409750000000004,20.0,0.0,1.0,1.0,-0.4295029131257506,0.4295029131257506,0.448895,0.6708099999999999,-22.19149999999999,12.5,2.5,0.0,2.0,0.20108366349917245,0.3745584927240566,0.42435784377677094,0.150455,0.570635,-42.018,5.0,0.0,0.0,0.0,0.7776190082458924,0.22238099175410764
34_p9_qkq,new_TRM,[9],0.3521849999999999,0.3158525,3.633249999999993,10.0,0.0,1.0,1.0,-0.005435461014247127,0.005435461014247127,0.591835,0.6708099999999999,-7.89749999999999,15.0,2.5,1.0,1.0,0.27375705569375586,0.622995585196327,0.10324735910991703,0.3039199999999999,0.570635,-26.6715,2.5,0.0,0.0,1.0,-0.1189124036902188,0.1189124036902188
35_p9_ran,new_TRM,[9],0.376755,0.3158525,6.0902499999999975,10.0,0.0,1.0,1.0,0.3195478363017067,0.680452163698293,0.574335,0.6708099999999999,-9.647499999999988,20.0,2.5,1.0,1.0,-0.6628360663847808,0.5729323028186187,-0.910096236433838,0.24511,0.570635,-32.5525,2.5,0.0,0.0,0.0,0.6784796061564701,0.32152039384353015
36_p10_cfp,new_TRM,[10],0.176095,0.3158525,-13.975750000000003,10.0,0.0,0.0,1.0,0.3442436945842059,0.6557563054157937,0.396405,0.6708099999999999,-27.44049999999999,12.5,2.5,0.0,1.0,0.24968111352157657,0.5929166980600906,0.1574021884183329,0.334705,0.570635,-23.592999999999996,25.0,0.0,1.0,1.0,-0.10387181374819046,0.10387181374819046
37_p10_mhq,new_TRM,[10],0.2292,0.3158525,-8.665250000000002,10.0,0.0,1.0,0.0,0.5334468935195079,0.4665531064804921,0.5661700000000001,0.6708099999999999,-10.463999999999984,10.0,2.5,0.0,0.0,-0.025638879490119365,-0.45231721422460613,-0.522043906285274,0.52753,0.570635,-4.310499999999995,2.5,0.0,0.0,1.0,-0.2908931077011492,0.2908931077011492
38_p10_phq,new_TRM,[10],0.09536,0.3158525,-22.049250000000004,15.0,0.0,0.0,1.0,0.20101015355769514,0.7989898464423049,0.297925,0.6708099999999999,-37.28849999999999,15.0,2.5,0.0,1.0,-0.48542979565935984,0.19384423463005537,-0.8997401878396336,0.2353299999999999,0.570635,-33.5305,25.0,0.0,0.0,1.0,-0.23647574924995132,0.23647574924995132
39_p10_qlr,new_TRM,[10],0.307525,0.3158525,-0.8327499999999988,20.0,0.0,1.0,1.0,-0.42829455914474823,0.42829455914474823,0.50895,0.6708099999999999,-16.18599999999999,10.0,2.5,0.0,1.0,-0.5811516006284484,0.5512201182211065,-0.970068517592658,0.34521,0.570635,-22.542499999999997,25.0,0.0,1.0,1.0,-0.08253629385811023,0.08253629385811023
40_p10_rmy,new_TRM,[10],0.27993,0.3158525,-3.5922500000000026,10.0,0.0,1.0,1.0,0.1738014016033187,0.8261985983966814,0.6292,0.6708099999999999,-4.1609999999999925,10.0,2.5,1.0,0.0,0.4189245946341883,0.33306031378022033,0.24801509158559137,0.573415,0.570635,0.2780000000000004,25.0,0.0,1.0,1.0,-0.35753753030893376,0.35753753030893376
41_p10_rgy,new_TRM,[10],0.327115,0.3158525,1.1262500000000009,15.0,0.0,1.0,0.0,0.5479078556061183,0.4520921443938819,0.5909949999999999,0.6708099999999999,-7.981499999999997,15.0,2.5,1.0,0.0,-0.33263422719747593,-0.3330291469279063,-0.3343366258746174,0.415385,0.570635,-15.525,2.5,0.0,0.0,1.0,-0.6440890667093129,0.6440890667093129
42_p10_skl,new_TRM,[10],0.3750599999999999,0.3158525,5.920749999999991,10.0,0.0,1.0,1.0,0.4623404627086386,0.5376595372913614,0.6559550000000001,0.6708099999999999,-1.485499999999984,12.5,2.5,1.0,0.0,-0.31542329194790236,-0.3347661843855688,-0.34981052366652937,0.55034,0.570635,-2.029499999999995,25.0,0.0,1.0,1.0,0.45848608126705853,0.5415139187329413
43_p10_srq,new_TRM,[10],0.303045,0.3158525,-1.2807500000000027,15.0,0.0,1.0,1.0,0.3470793135225885,0.6529206864774114,0.633305,0.6708099999999999,-3.75049999999999,10.0,2.5,1.0,0.0,0.29754904027913753,-0.22926070737377163,-1.0682883329053663,0.5683199999999999,0.570635,-0.2315000000000067,7.5,0.0,1.0,1.0,-0.04548762917050485,0.04548762917050485
44_p10_trq,new_TRM,[10],0.296115,0.3158525,-1.973750000000002,15.0,0.0,1.0,0.0,0.02227635500476676,-0.02227635500476676,0.636855,0.6708099999999999,-3.3954999999999957,12.5,2.5,1.0,1.0,-0.31266603069893784,-0.11701594022109375,-0.5658292735453626,0.52919,0.570635,-4.144499999999995,2.5,0.0,0.0,0.0,1.577882502818515,-1.577882502818515
45_p10_vwh,new_TRM,[10],0.11982,0.3158525,-19.603250000000003,20.0,0.0,1.0,0.0,0.049883462369848135,-0.049883462369848135,0.18391,0.6708099999999999,-48.68999999999999,10.0,2.5,0.0,1.0,-0.1348765835855409,0.08766873925127139,-0.9527921556657291,0.1577899999999999,0.570635,-41.2845,2.5,0.0,0.0,1.0,-0.0101317708719868,0.0101317708719868
46_p11_ckr,new_TRM,[11],0.433605,0.3158525,11.775249999999998,10.0,0.0,1.0,0.0,0.6984093580634471,0.30159064193655316,0.761975,0.6708099999999999,9.116500000000006,15.0,2.5,2.0,1.0,0.46641712121558176,0.5335828787844185,0.0,0.66674,0.570635,9.6105,2.5,0.0,1.0,0.0,0.13401216573217278,-0.13401216573217278
47_p11_crr,new_TRM,[11],0.16788,0.3158525,-14.797250000000004,10.0,0.0,0.0,0.0,0.23714929076982733,-0.23714929076982733,0.45687,0.6708099999999999,-21.39399999999999,15.0,2.5,0.0,1.0,-0.24559528421439897,-0.20622884405226485,-0.2762579022864454,0.383775,0.570635,-18.686000000000003,2.5,0.0,0.0,1.0,-0.07145631489171023,0.07145631489171023
48_p11_qfr,new_TRM,[11],0.334635,0.3158525,1.878249999999998,10.0,0.0,1.0,0.0,0.05237021925133463,-0.05237021925133463,0.68466,0.6708099999999999,1.385000000000014,20.0,2.5,1.0,0.0,-0.2668851578660883,-0.3255414491412926,-0.40757339299261913,0.61904,0.570635,4.840500000000003,2.5,0.0,1.0,1.0,-0.08709956914808495,0.08709956914808495
49_p11_sfr,new_TRM,[11],0.0,0.3158525,-31.58525,10.0,0.0,0.0,1.0,0.4414247245131429,0.5585752754868571,0.1714999999999999,0.6708099999999999,-49.93099999999999,10.0,2.5,0.0,2.0,0.1861589609167827,0.3831489998158209,0.4306920392673965,0.1458749999999999,0.570635,-42.476,10.0,0.0,0.0,1.0,0.4006660084540773,0.5993339915459227
50_p11_tfr,new_TRM,[11],0.270705,0.3158525,-4.5147500000000065,20.0,0.0,1.0,1.0,-0.12957101250077785,0.12957101250077785,0.62654,0.6708099999999999,-4.4269999999999925,15.0,2.5,1.0,1.0,-0.248300477851839,-0.1010071458146918,-0.6824669631951727,0.542295,0.570635,-2.834000000000003,2.5,0.0,0.0,1.0,0.395032848454951,0.6049671515450491
51_p2_crr,new_TRM,[2],0.3495899999999999,0.3158525,3.3737499999999923,20.0,0.0,1.0,1.0,-0.15753588039227914,0.15753588039227914,0.45691,0.6708099999999999,-21.389999999999983,20.0,2.5,0.0,2.0,-0.2894568376752356,-0.23739743731316926,-0.08968510391326301,0.351235,0.570635,-21.94,2.5,0.0,0.0,0.0,0.678791613498041,0.3212083865019591
52_p2_qfr,new_TRM,[2],0.410485,0.3158525,9.463249999999997,10.0,0.0,1.0,1.0,0.201426262648224,0.798573737351776,0.588835,0.6708099999999999,-8.197499999999991,12.5,2.5,1.0,0.0,2.221582330447672,0.9749755510492788,-0.21845636529860726,0.440335,0.570635,-13.029999999999998,2.5,0.0,0.0,1.0,-0.06899235938322676,0.06899235938322676
53_p2_sfk,new_TRM,[2],0.16765,0.3158525,-14.82025,15.0,0.0,1.0,0.0,0.19464637781858118,-0.19464637781858118,0.5086550000000001,0.6708099999999999,-16.215499999999984,20.0,2.5,1.0,0.0,-0.29313163531774095,-0.3950246887565231,-0.31184367592573575,0.33694,0.570635,-23.3695,2.5,0.0,0.0,0.0,0.5543056810624782,0.4456943189375221
54_p2_tkr,new_TRM,[2],0.265645,0.3158525,-5.020750000000001,15.0,0.0,1.0,1.0,-0.1596359428312695,0.1596359428312695,0.464445,0.6708099999999999,-20.63649999999999,10.0,2.5,0.0,0.0,0.6235826308773312,0.286998925399608,0.08941844372306099,0.38373,0.570635,-18.6905,2.5,0.0,0.0,0.0,0.8827670465175773,0.11723295348242307
55_p2_ttr,new_TRM,[2],0.305515,0.3158525,-1.0337500000000055,10.0,0.0,1.0,1.0,0.07866773077612205,0.9213322692238779,0.558095,0.6708099999999999,-11.271499999999987,10.0,2.5,0.0,0.0,-0.06899032923882986,-0.4583380649377783,-0.47267160582339124,0.43924,0.570635,-13.139499999999998,5.0,0.0,0.0,0.0,0.4820843919107239,-0.4820843919107239
56_p3_phq,new_TRM,[3],0.0,0.3158525,-31.58525,15.0,0.0,0.0,1.0,0.4285918882631931,0.5714081117368071,0.53176,0.6708099999999999,-13.90499999999999,12.5,2.5,0.0,0.0,0.6315733084737203,0.3629036552725034,0.005523036253776435,0.317445,0.570635,-25.319000000000003,25.0,0.0,0.0,1.0,-0.06397253670044227,0.06397253670044227
57_p2_ern,new_TRM,[2],0.30402,0.3158525,-1.1832500000000024,10.0,0.0,1.0,1.0,-0.9429948036339333,0.9429948036339333,0.4603549999999999,0.6708099999999999,-21.045499999999993,12.5,2.5,0.0,0.0,-0.18192288742401078,-0.24786728947021283,-0.5217844519113628,0.401075,0.570635,-16.956,7.5,0.0,0.0,0.0,0.4807768791658813,-0.4807768791658813
58_p3_nsw,new_TRM,[3],0.0,0.3158525,-31.58525,10.0,0.0,0.0,0.0,0.9540288208960609,-0.9540288208960609,0.322775,0.6708099999999999,-34.803499999999985,20.0,2.5,0.0,1.0,-0.08497014949372844,0.05642213130919546,-0.9714519818154677,0.214885,0.570635,-35.575,2.5,0.0,0.0,0.0,0.5361917199501652,-0.5361917199501652
8_p1_dfe,new_TRM,[1],0.025775,0.3158525,-29.007750000000005,10.0,0.0,0.0,0.0,0.6030367572860842,-0.6030367572860842,0.43272,0.6708099999999999,-23.80899999999999,12.5,5.0,0.0,1.0,0.3593753121625781,0.6086535114333912,0.03197117640403076,0.2801099999999999,0.570635,-29.0525,25.0,0.0,0.0,1.0,-0.09243093624989049,0.09243093624989049
9_p1_dwe,new_TRM,[1],0.0,0.3158525,-31.58525,15.0,0.0,0.0,0.0,6.994364849856698,-6.994364849856698,0.46967,0.6708099999999999,-20.113999999999987,10.0,2.5,0.0,0.0,2.1928571921784994,1.052373129685445,-0.2030888690300756,0.33714,0.570635,-23.3495,7.5,0.0,0.0,0.0,0.06413434214722125,-0.06413434214722125
p4_r5_etd,old_TRM,[4],0.0,0.32958,-32.958,15.0,0.0,0.0,0.0,0.7477660223576879,0.25223397764231187,0.0,0.7256100000000001,-72.561,12.5,2.5,0.0,0.0,0.12893812908230076,-0.6454548399512192,-0.48348328913108224,0.10094,0.6750149999999999,-57.40749999999999,25.0,0.0,0.0,1.0,-0.09491320403042622,0.09491320403042622
p4_r5_she,old_TRM,[4],0.193625,0.32958,-13.5955,10.0,0.0,0.0,1.0,-0.7167208466300071,0.7167208466300071,0.616825,0.7256100000000001,-10.878500000000011,10.0,2.5,0.0,2.0,-0.5391132110590613,-0.29736347583634165,-0.1635233131045965,0.582315,0.6750149999999999,-9.269999999999987,7.5,0.0,0.0,1.0,-0.02522556525962724,0.02522556525962724
p4_r5_she_plus_p7_r5_she,old_TRM,"[4, 7]",0.36896,0.32958,3.9380000000000024,10.0,0.0,1.0,0.0,0.5254217246119651,-0.5254217246119651,0.7531399999999999,0.7256100000000001,2.7529999999999832,20.0,2.5,2.0,2.0,-0.33112998434138313,-0.4120576582392639,-0.25681235741935365,0.7162,0.6750149999999999,4.118500000000003,2.5,0.0,1.0,0.0,0.03232024906189118,-0.03232024906189118
p4_r5_sne,old_TRM,[4],0.12468,0.32958,-20.49,15.0,0.0,0.0,0.0,0.5966841887125487,0.40331581128745125,0.7430950000000001,0.7256100000000001,1.7484999999999973,20.0,2.5,1.0,2.0,-0.5264142759163812,-0.3049276103670932,-0.16865811371652584,0.4870299999999999,0.6750149999999999,-18.798499999999997,2.5,0.0,0.0,1.0,-0.06518518909657467,0.06518518909657467
p4_r5_sne_plus_p7_r5_sne,old_TRM,"[4, 7]",0.198035,0.32958,-13.154499999999995,10.0,0.0,0.0,0.0,0.6595183708592329,0.3404816291407673,0.80335,0.7256100000000001,7.773999999999992,12.5,2.5,2.0,2.0,4.3025911831967004e-05,0.00040217769183548076,0.9995547963963325,0.325975,0.6750149999999999,-34.90399999999999,25.0,0.0,0.0,0.0,0.6940189121793578,0.3059810878206422
p4_r5_swd_plus_p7_r5_swd,old_TRM,"[4, 7]",0.183455,0.32958,-14.612499999999995,20.0,0.0,1.0,0.0,0.3597011466363625,-0.3597011466363625,0.518925,0.7256100000000001,-20.668500000000012,20.0,2.5,0.0,1.0,-0.3179394301955606,-0.08709298510204218,-0.4865611413820113,0.3635049999999999,0.6750149999999999,-31.150999999999996,2.5,0.0,0.0,0.0,0.8539662691053913,-0.8539662691053913
p4_r5_the_plus_p7_r5_the,old_TRM,"[4, 7]",0.1663649999999999,0.32958,-16.3215,15.0,0.0,0.0,0.0,0.500482645319551,0.49951735468044905,0.68814,0.7256100000000001,-3.747000000000011,15.0,2.5,1.0,2.0,-0.6822964948646949,-0.6776616970901286,0.3599581919548249,0.27236,0.6750149999999999,-40.2655,5.0,0.0,0.0,0.0,0.6407805734626586,0.3592194265373416
p4_r5_yth_plus_p7_r5_yth,old_TRM,"[4, 7]",0.0,0.32958,-32.958,15.0,0.0,0.0,0.0,0.5479849868197837,0.45201501318021614,0.0,0.7256100000000001,-72.561,12.5,2.5,0.0,1.0,-0.3445553688186551,-0.10403253998691112,-0.3557730452101042,0.1102549999999999,0.6750149999999999,-56.47599999999999,7.5,0.0,0.0,0.0,0.6879331217470496,0.3120668782529505
p4_r5_yye_plus_p7_p5_yye,old_TRM,"[4, 7]",0.0,0.32958,-32.958,10.0,0.0,0.0,0.0,0.8152252403173911,0.1847747596826089,0.0866649999999999,0.7256100000000001,-63.89450000000001,20.0,2.5,0.0,1.0,-0.30398933390548044,-0.08765414428318036,-0.6083565218113396,0.083235,0.6750149999999999,-59.178,25.0,0.0,0.0,0.0,0.5478899477209315,-0.5478899477209315
p5_r6_aye,old_TRM,[5],0.17832,0.32958,-15.125999999999998,15.0,0.0,0.0,1.0,0.4145627126183886,0.5854372873816116,0.55629,0.7256100000000001,-16.932000000000013,12.5,2.5,0.0,0.0,0.7375979131321866,0.2624020868678134,0.0,0.532025,0.6750149999999999,-14.298999999999996,25.0,0.0,1.0,1.0,-0.3626756904767307,0.3626756904767307
p5_r6_dfe,old_TRM,[5],0.09994,0.32958,-22.964,10.0,0.0,0.0,0.0,0.7709382470784759,0.229061752921524,0.32484,0.7256100000000001,-40.077000000000005,20.0,2.5,0.0,1.0,-0.2576892135674843,-0.021799562004315237,-0.7205112244282008,0.075295,0.6750149999999999,-59.971999999999994,5.0,0.0,0.0,1.0,0.4653443645441423,0.5346556354558578
p5_r6_fwd,old_TRM,[5],0.0552649999999999,0.32958,-27.431499999999996,15.0,0.0,0.0,0.0,0.6926498906587683,0.30735010934123175,0.37332,0.7256100000000001,-35.22900000000001,10.0,2.5,0.0,0.0,-0.25874970117862583,-0.2682528449315017,-0.4729974538898721,0.28784,0.6750149999999999,-38.717499999999994,25.0,0.0,0.0,0.0,0.7061319123300436,0.29386808766995626
p5_r6_lrd,old_TRM,[5],0.0,0.32958,-32.958,15.0,0.0,0.0,0.0,0.9338456830633438,0.06615431693665608,0.23336,0.7256100000000001,-49.22500000000001,20.0,2.5,0.0,0.0,0.517813055902614,0.39860003757858914,0.08358690651879677,0.217295,0.6750149999999999,-45.77199999999999,7.5,0.0,0.0,1.0,-0.11282187028657269,0.11282187028657269
p5_r6_nye,old_TRM,[5],0.151205,0.32958,-17.8375,10.0,0.0,0.0,0.0,0.83185495989903,0.16814504010096984,0.57387,0.7256100000000001,-15.17400000000001,20.0,2.5,1.0,1.0,0.36768284136052454,0.3808585853124768,0.2514585733269986,0.47824,0.6750149999999999,-19.67749999999999,2.5,0.0,0.0,1.0,0.49556165488910703,0.5044383451108935
p5_r6_sfe,old_TRM,[5],0.2077,0.32958,-12.188,10.0,0.0,0.0,0.0,0.7955157406768909,0.20448425932310935,0.6291599999999999,0.7256100000000001,-9.645000000000014,15.0,2.5,1.0,1.0,-0.7125643374323978,0.6148765002058817,-0.9023121627734847,0.5982000000000001,0.6750149999999999,-7.681499999999986,25.0,0.0,1.0,0.0,0.019079181457491386,-0.019079181457491386
p5_r6_swd,old_TRM,[5],0.121255,0.32958,-20.8325,20.0,0.0,0.0,0.0,0.13405645614023837,-0.13405645614023837,0.666435,0.7256100000000001,-5.917500000000009,12.5,2.5,1.0,0.0,0.3252963758686721,-0.30491352204037797,-1.0203828538282937,0.41619,0.6750149999999999,-25.882499999999993,20.0,0.0,0.0,0.0,0.03437445226649812,-0.03437445226649812
p5_r6_syq,old_TRM,[5],0.18339,0.32958,-14.618999999999998,7.5,0.0,0.0,0.0,1.245737719039513,-1.245737719039513,0.591215,0.7256100000000001,-13.439500000000004,20.0,2.5,1.0,1.0,0.335534621903341,0.33601819876977396,0.32844717932688505,0.6428149999999999,0.6750149999999999,-3.2200000000000006,2.5,0.0,0.0,0.0,0.14648566901771826,-0.14648566901771826
p5_r6_thn,old_TRM,[5],0.10361,0.32958,-22.597,10.0,0.0,0.0,0.0,0.6932517637069635,0.30674823629303677,0.529215,0.7256100000000001,-19.63950000000001,20.0,2.5,1.0,1.0,-0.20040585701001382,-0.08677342734915898,-0.7128207156408274,0.50627,0.6750149999999999,-16.87449999999999,25.0,0.0,1.0,1.0,0.4803673154036614,0.5196326845963385
p5_r6_tte,old_TRM,[5],0.0,0.32958,-32.958,10.0,0.0,0.0,0.0,0.9666080490190525,-0.9666080490190525,0.348885,0.7256100000000001,-37.67250000000001,12.5,2.5,0.0,0.0,-0.12257502754312098,-0.29082449072408056,-0.5830418201981011,0.280365,0.6750149999999999,-39.465,2.5,0.0,0.0,0.0,0.8382621619748347,-0.8382621619748347
p5_r6_twd,old_TRM,[5],0.14556,0.32958,-18.401999999999997,20.0,0.0,1.0,0.0,0.7737939119015227,0.2262060880984774,0.59784,0.7256100000000001,-12.777000000000005,12.5,2.5,0.0,0.0,0.693808924637428,0.26094400196772605,0.04524707339484606,0.34928,0.6750149999999999,-32.57349999999999,2.5,0.0,0.0,0.0,0.6297447005255544,0.3702552994744458
p5_r6_tye,old_TRM,[5],0.15344,0.32958,-17.613999999999997,15.0,0.0,0.0,1.0,-0.2549454363170598,0.2549454363170598,0.44306,0.7256100000000001,-28.25500000000001,20.0,2.5,0.0,1.0,0.35956048491541037,0.38114910525257817,0.2592904098320113,0.376905,0.6750149999999999,-29.810999999999993,2.5,0.0,0.0,1.0,-0.5054567975137441,0.5054567975137441
p5_r6_vfn,old_TRM,[5],0.271455,0.32958,-5.812499999999998,10.0,0.0,1.0,0.0,0.6437199980900282,0.35628000190997144,0.5554349999999999,0.7256100000000001,-17.01750000000002,10.0,2.5,0.0,0.0,0.37409713058100763,0.3668633181654794,0.2590395512535131,0.6944950000000001,0.6750149999999999,1.9480000000000164,7.5,0.0,1.0,1.0,-0.008979557323870235,0.008979557323870235
p6_r7_mhq,old_TRM,[6],0.132055,0.32958,-19.7525,15.0,0.0,0.0,1.0,-0.5112481403501019,0.5112481403501019,0.2532999999999999,0.7256100000000001,-47.23100000000001,12.5,2.5,0.0,1.0,-0.9206722398034574,0.6922804272214118,-0.7716081874179546,0.172435,0.6750149999999999,-50.25799999999999,25.0,0.0,0.0,1.0,-0.18267307631415378,0.18267307631415378
p6_r7_qfw,old_TRM,[6],0.358045,0.32958,2.8465000000000016,10.0,0.0,1.0,1.0,0.30142433991705764,0.6985756600829425,0.67784,0.7256100000000001,-4.777000000000009,15.0,2.5,1.0,1.0,0.36639436607992903,0.37360985078727327,0.25999578313279775,0.5571699999999999,0.6750149999999999,-11.784499999999998,2.5,0.0,0.0,1.0,-0.20769531544775835,0.20769531544775835
p6_r7_qrw,old_TRM,[6],0.200045,0.32958,-12.953499999999998,20.0,0.0,1.0,0.0,0.009686879527416009,-0.009686879527416009,0.60431,0.7256100000000001,-12.130000000000008,10.0,2.5,0.0,1.0,-0.10400367825432283,-0.056743647881808496,-0.8392526738638688,0.28026,0.6750149999999999,-39.47549999999999,2.5,0.0,0.0,0.0,0.02705413745339244,-0.02705413745339244
p6_r7_trq,old_TRM,[6],0.26299,0.32958,-6.658999999999998,10.0,0.0,1.0,1.0,0.44583630379344846,0.5541636962065514,0.657745,0.7256100000000001,-6.786500000000006,12.5,2.5,1.0,0.0,0.40837171089171564,0.3398625241651158,0.25176576494316844,0.592635,0.6750149999999999,-8.237999999999989,2.5,0.0,0.0,1.0,-0.039729997729493656,0.039729997729493656
p6_r7_wfd,old_TRM,[6],0.31654,0.32958,-1.3039999999999996,15.0,0.0,1.0,1.0,-0.46412759824285893,0.46412759824285893,0.70041,0.7256100000000001,-2.520000000000011,12.5,2.5,1.0,1.0,0.33840714671818484,0.47856388937546435,0.18302896390635076,0.600585,0.6750149999999999,-7.442999999999989,7.5,0.0,1.0,0.0,0.1263914324377428,-0.1263914324377428
p6_r7_wfq,old_TRM,[6],0.241585,0.32958,-8.799499999999998,7.5,0.0,0.0,1.0,-0.27245131413175333,0.27245131413175333,0.651535,0.7256100000000001,-7.407500000000011,20.0,2.5,1.0,0.0,0.1551983462930528,0.10744351028696586,-1.2626418565800186,0.455995,0.6750149999999999,-21.901999999999987,2.5,0.0,0.0,0.0,0.019660901979471762,-0.019660901979471762
p7_r5_syvirr,old_TRM,[7],0.4526099999999999,0.32958,12.302999999999995,15.0,0.0,1.0,1.0,-0.27316082340537046,0.27316082340537046,0.79377,0.7256100000000001,6.815999999999988,12.5,2.5,2.0,1.0,0.26284704209360427,0.7371529579063956,0.0,0.280655,0.6750149999999999,-39.43599999999999,25.0,0.0,0.0,0.0,0.6723917327809986,0.32760826721900155
p8_r6_gve,old_TRM,[8],0.25223,0.32958,-7.734999999999998,10.0,0.0,1.0,1.0,-0.6689343584345737,0.6689343584345737,0.658565,0.7256100000000001,-6.704500000000014,20.0,2.5,1.0,1.0,-0.3891741256334813,-0.2113094472347541,-0.3995164271317647,0.102275,0.6750149999999999,-57.273999999999994,20.0,0.0,0.0,1.0,-0.005481352135371039,0.005481352135371039
