site,construct,editing_pct,wt_editing_pct,delta_editing_pp,threshold_pct,class_high,position_group
C388,p4_r5_etd,0.0,72.561,-72.561,30.0,0,4
C388,p4_r5_she,61.6825,72.561,-10.87850000000001,30.0,1,4
C388,p4_r5_she_plus_p7_r5_she,75.314,72.561,2.752999999999986,30.0,1,4+7
C388,p4_r5_sne,74.3095,72.561,1.7484999999999928,30.0,1,4
C388,p4_r5_sne_plus_p7_r5_sne,80.33500000000001,72.561,7.774000000000001,30.0,1,4+7
C388,p4_r5_swd_plus_p7_r5_swd,51.8925,72.561,-20.66850000000001,30.0,1,4+7
C388,p4_r5_the_plus_p7_r5_the,68.814,72.561,-3.747000000000014,30.0,1,4+7
C388,p4_r5_yth_plus_p7_r5_yth,0.0,72.561,-72.561,30.0,0,4+7
C388,p4_r5_yye_plus_p7_p5_yye,8.6665,72.561,-63.89450000000001,30.0,0,4+7
C388,p5_r6_aye,55.629,72.561,-16.93200000000001,30.0,1,5
C388,p5_r6_dfe,32.484,72.561,-40.077000000000005,30.0,1,5
C388,p5_r6_fwd,37.332,72.561,-35.229000000000006,30.0,1,5
C388,p5_r6_lrd,23.336,72.561,-49.22500000000001,30.0,0,5
C388,p5_r6_nye,57.387,72.561,-15.174000000000008,30.0,1,5
C388,p5_r6_sfe,62.916,72.561,-9.64500000000001,30.0,1,5
C388,p5_r6_swd,66.6435,72.561,-5.917500000000004,30.0,1,5
C388,p5_r6_syq,59.121500000000005,72.561,-13.439500000000002,30.0,1,5
C388,p5_r6_thn,52.9215,72.561,-19.639500000000005,30.0,1,5
C388,p5_r6_tte,34.8885,72.561,-37.67250000000001,30.0,1,5
C388,p5_r6_twd,59.784000000000006,72.561,-12.777,30.0,1,5
C388,p5_r6_tye,44.306,72.561,-28.25500000000001,30.0,1,5
C388,p5_r6_vfn,55.54349999999999,72.561,-17.01750000000002,30.0,1,5
C388,p6_r7_mhq,25.33,72.561,-47.23100000000001,30.0,0,6
C388,p6_r7_qfw,67.784,72.561,-4.777000000000001,30.0,1,6
C388,p6_r7_qrw,60.431,72.561,-12.130000000000004,30.0,1,6
C388,p6_r7_trq,65.7745,72.561,-6.786500000000004,30.0,1,6
C388,p6_r7_wfd,70.041,72.561,-2.5200000000000102,30.0,1,6
C388,p6_r7_wfq,65.1535,72.561,-7.407500000000013,30.0,1,6
C388,p7_r5_syvirr,79.377,72.561,6.815999999999988,30.0,1,7
C388,p8_r6_gve,65.8565,72.561,-6.70450000000001,30.0,1,8
C871,p4_r5_etd,10.094,67.5015,-57.40749999999999,45.0,0,4
C871,p4_r5_she,58.2315,67.5015,-9.269999999999987,45.0,1,4
C871,p4_r5_she_plus_p7_r5_she,71.61999999999999,67.5015,4.118499999999997,45.0,1,4+7
C871,p4_r5_sne,48.703,67.5015,-18.7985,45.0,1,4
C871,p4_r5_sne_plus_p7_r5_sne,32.597500000000004,67.5015,-34.90399999999999,45.0,0,4+7
C871,p4_r5_swd_plus_p7_r5_swd,36.3505,67.5015,-31.151,45.0,0,4+7
C871,p4_r5_the_plus_p7_r5_the,27.236,67.5015,-40.26549999999999,45.0,0,4+7
C871,p4_r5_yth_plus_p7_r5_yth,11.0255,67.5015,-56.47599999999999,45.0,0,4+7
C871,p4_r5_yye_plus_p7_p5_yye,8.323500000000001,67.5015,-59.17799999999999,45.0,0,4+7
C871,p5_r6_aye,53.2025,67.5015,-14.298999999999992,45.0,1,5
C871,p5_r6_dfe,7.5295,67.5015,-59.972,45.0,0,5
C871,p5_r6_fwd,28.784,67.5015,-38.7175,45.0,0,5
C871,p5_r6_lrd,21.7295,67.5015,-45.77199999999999,45.0,0,5
C871,p5_r6_nye,47.824,67.5015,-19.677499999999995,45.0,1,5
C871,p5_r6_sfe,59.82000000000001,67.5015,-7.681499999999986,45.0,1,5
C871,p5_r6_swd,41.619,67.5015,-25.8825,45.0,0,5
C871,p5_r6_syq,64.2815,67.5015,-3.219999999999999,45.0,1,5
C871,p5_r6_thn,50.627,67.5015,-16.87449999999999,45.0,1,5
C871,p5_r6_tte,28.0365,67.5015,-39.465,45.0,0,5
C871,p5_r6_twd,34.928000000000004,67.5015,-32.57349999999999,45.0,0,5
C871,p5_r6_tye,37.6905,67.5015,-29.811,45.0,0,5
C871,p5_r6_vfn,69.44950000000001,67.5015,1.9480000000000213,45.0,1,5
C871,p6_r7_mhq,17.2435,67.5015,-50.258,45.0,0,6
C871,p6_r7_qfw,55.71699999999999,67.5015,-11.7845,45.0,1,6
C871,p6_r7_qrw,28.026,67.5015,-39.4755,45.0,0,6
C871,p6_r7_trq,59.2635,67.5015,-8.237999999999992,45.0,1,6
C871,p6_r7_wfd,60.0585,67.5015,-7.442999999999991,45.0,1,6
C871,p6_r7_wfq,45.599500000000006,67.5015,-21.901999999999987,45.0,1,6
C871,p7_r5_syvirr,28.0655,67.5015,-39.43599999999999,45.0,0,7
C871,p8_r6_gve,10.2275,67.5015,-57.274,45.0,0,8
C295,p4_r5_etd,0.0,32.958,-32.958,12.83675,0,4
C295,p4_r5_she,19.3625,32.958,-13.595499999999998,12.83675,1,4
C295,p4_r5_she_plus_p7_r5_she,36.896,32.958,3.9380000000000015,12.83675,1,4+7
C295,p4_r5_sne,12.468,32.958,-20.49,12.83675,0,4
C295,p4_r5_sne_plus_p7_r5_sne,19.803500000000003,32.958,-13.154499999999995,12.83675,1,4+7
C295,p4_r5_swd_plus_p7_r5_swd,18.3455,32.958,-14.612499999999995,12.83675,1,4+7
C295,p4_r5_the_plus_p7_r5_the,16.636499999999998,32.958,-16.3215,12.83675,1,4+7
C295,p4_r5_yth_plus_p7_r5_yth,0.0,32.958,-32.958,12.83675,0,4+7
C295,p4_r5_yye_plus_p7_p5_yye,0.0,32.958,-32.958,12.83675,0,4+7
C295,p5_r6_aye,17.832,32.958,-15.125999999999998,12.83675,1,5
C295,p5_r6_dfe,9.994,32.958,-22.964,12.83675,0,5
C295,p5_r6_fwd,5.5265,32.958,-27.4315,12.83675,0,5
C295,p5_r6_lrd,0.0,32.958,-32.958,12.83675,0,5
C295,p5_r6_nye,15.1205,32.958,-17.8375,12.83675,1,5
C295,p5_r6_sfe,20.77,32.958,-12.188,12.83675,1,5
C295,p5_r6_swd,12.1255,32.958,-20.8325,12.83675,0,5
C295,p5_r6_syq,18.339,32.958,-14.619,12.83675,1,5
C295,p5_r6_thn,10.361,32.958,-22.597,12.83675,0,5
C295,p5_r6_tte,0.0,32.958,-32.958,12.83675,0,5
C295,p5_r6_twd,14.556,32.958,-18.402,12.83675,1,5
C295,p5_r6_tye,15.344,32.958,-17.613999999999997,12.83675,1,5
C295,p5_r6_vfn,27.1455,32.958,-5.8125,12.83675,1,5
C295,p6_r7_mhq,13.2055,32.958,-19.7525,12.83675,1,6
C295,p6_r7_qfw,35.8045,32.958,2.846499999999999,12.83675,1,6
C295,p6_r7_qrw,20.0045,32.958,-12.953499999999998,12.83675,1,6
C295,p6_r7_trq,26.299,32.958,-6.658999999999999,12.83675,1,6
C295,p6_r7_wfd,31.654,32.958,-1.3039999999999985,12.83675,1,6
C295,p6_r7_wfq,24.1585,32.958,-8.799499999999998,12.83675,1,6
C295,p7_r5_syvirr,45.261,32.958,12.302999999999995,12.83675,1,7
C295,p8_r6_gve,25.223000000000003,32.958,-7.734999999999996,12.83675,1,8
