,rms_519_denominator
p4_r5_she,0.10661463085281411
p4_r5_she_plus_p7_r5_she,0.10677210588320088
p4_r5_sne,0.10668328386941042
p4_r5_sne_plus_p7_r5_sne,0.10654424574127894
p4_r5_swd_plus_p7_r5_swd,0.08688434202368622
p4_r5_the_plus_p7_r5_the,0.1064056898918549
p5_r6_aye,0.057446045726027475
p5_r6_nye,0.10601583720955154
p5_r6_sfe,0.0022151460877579132
p5_r6_swd,0.10640985462450106
p5_r6_syq,0.011961187500520488
p5_r6_thn,0.0077666679070843405
p5_r6_twd,0.08573815270062901
p5_r6_tye,0.10653363573402694
p5_r6_vfn,0.014012105968774077
p6_r7_qfw,0.10679027038879048
p6_r7_qrw,0.10597099735317059
p6_r7_trq,0.10674220591125264
p6_r7_wfd,0.10465130037049568
p6_r7_wfq,0.104651177627418
p7_r5_syvirr,0.10523655953035278
p8_r6_gve,0.10677228634050567
