site,validation,fold,reported_family,family,model,threshold,inner_BA,label_threshold_pp
C295,LOOCV,p4_r5_she,Nested_all,Local_deltaCP,RF_depth1,0.2986538097725704,0.8611111111111112,-20
C295,LOOCV,p4_r5_she_plus_p7_r5_she,Nested_all,Sequence_Local,SVM_RBF,0.6487782661538286,0.9166666666666669,-5
C295,LOOCV,p4_r5_sne,Nested_all,Sequence,SVM_RBF,0.5,0.8928571428571428,-15
C295,LOOCV,p4_r5_sne_plus_p7_r5_sne,Nested_all,ContactSeek_CCR,RF_depth1,0.2959945498098221,0.9166666666666669,-20
C295,LOOCV,p4_r5_swd_plus_p7_r5_swd,Nested_all,ContactSeek_CCR,RF_depth1,0.2918608733371891,0.9166666666666669,-20
C295,LOOCV,p4_r5_the_plus_p7_r5_the,Nested_all,ContactSeek_CCR,LR_0.01,0.4062789181668916,0.9705882352941176,-5
C295,LOOCV,p5_r6_aye,Nested_all,ContactSeek_CCR,LR_0.01,0.4099770267355543,0.9411764705882352,-5
C295,LOOCV,p5_r6_nye,Nested_all,ContactSeek_CCR,LR_0.01,0.4650306553418373,0.8823529411764706,-5
C295,LOOCV,p5_r6_sfe,Nested_all,ContactSeek_CCR,ExtraTrees_depth2,0.3274065934065935,0.9166666666666669,-20
C295,LOOCV,p5_r6_swd,Nested_all,ContactSeek_CCR,RF_depth1,0.7042564939208593,0.8823529411764706,-5
C295,LOOCV,p5_r6_syq,Nested_all,ContactSeek_CCR,RF_depth1,0.2929483865230815,0.9444444444444444,-20
C295,LOOCV,p5_r6_thn,Nested_all,ContactSeek_CCR,LR_0.1,0.4640735654461958,0.8823529411764706,-5
C295,LOOCV,p5_r6_twd,Nested_all,ContactSeek_CCR,RF_depth1,0.2918964837652444,0.9722222222222222,-20
C295,LOOCV,p5_r6_tye,Nested_all,ContactSeek_CCR,ExtraTrees_depth2,0.3456483516483516,0.9722222222222222,-20
C295,LOOCV,p5_r6_vfn,Nested_all,ContactSeek_CCR,ExtraTrees_depth2,0.3872527472527471,0.9722222222222222,-20
C295,LOOCV,p6_r7_qfw,Nested_all,ContactSeek_CCR,ExtraTrees_depth2,0.3636483516483516,0.9722222222222222,-20
C295,LOOCV,p6_r7_qrw,Nested_all,ContactSeek_CCR,ExtraTrees_depth2,0.3701318681318681,0.9722222222222222,-20
C295,LOOCV,p6_r7_trq,Nested_all,ContactSeek_CCR,ExtraTrees_depth2,0.3698901098901098,0.9722222222222222,-20
C295,LOOCV,p6_r7_wfd,Nested_all,ContactSeek_CCR,ExtraTrees_depth2,0.3885054945054944,0.9722222222222222,-20
C295,LOOCV,p6_r7_wfq,Nested_all,ContactSeek_CCR,ExtraTrees_depth2,0.3990109890109888,0.9722222222222222,-20
C295,LOOCV,p7_r5_syvirr,Nested_all,ContactSeek_CCR,ExtraTrees_depth2,0.3889670329670328,0.9722222222222222,-20
C295,LOOCV,p8_r6_gve,Nested_all,ContactSeek_CCR,ExtraTrees_depth2,0.4234285714285712,0.9722222222222222,-20
C295,Position_group_out,4,Nested_all,Sequence,LR_1,0.7350665973175123,0.875,-5
C295,Position_group_out,4+7,Nested_all,Local_deltaCP,LR_0.1,0.5,0.8376623376623377,-10
C295,Position_group_out,5,Nested_all,ContactSeek_CCR,RF_depth1,0.5604529637029638,0.8888888888888888,-5
C295,Position_group_out,6,Nested_all,CP_summary,LR_1,0.7880257827675861,0.7692307692307692,-10
C295,Position_group_out,7,Nested_all,ContactSeek_CCR,LR_0.1,0.3658464571518931,0.9166666666666669,-5
C295,Position_group_out,8,Nested_all,ContactSeek_CCR,LR_0.1,0.4902601339974419,0.8161764705882353,-5
C295,Strict_position_out,P4,Nested_all,Local_deltaCP,LDA_shrinkage,4.0493259510823285e-34,0.8846153846153846,-5
C295,Strict_position_out,P5,Nested_all,Interface_RMS,LR_0.01,0.5011035145286435,0.8055555555555556,-5
C295,Strict_position_out,P6,Nested_all,Local_deltaCP,GaussianNB,0.0009976113016448,0.8263888888888888,-15
C295,Strict_position_out,P7,Nested_all,Sequence_Local,LR_0.01,0.4961650083169296,0.9545454545454546,-10
C295,Strict_position_out,P8,Nested_all,ContactSeek_CCR,LR_0.1,0.4902601339974419,0.9264705882352942,-5
C871,LOOCV,p4_r5_she,Nested_all,Repository,RF_depth1,0.5,0.9166666666666669,-25
C871,LOOCV,p4_r5_she_plus_p7_r5_she,Nested_all,Local_deltaCP,LDA_shrinkage,0.9969298531385148,0.9285714285714286,-30
C871,LOOCV,p4_r5_sne,Nested_all,Total_CP,LR_0.01,0.501082480630564,0.9166666666666669,-5
C871,LOOCV,p4_r5_sne_plus_p7_r5_sne,Nested_all,Sequence_Local,LR_0.01,0.5312180746497321,0.9411764705882352,-35
C871,LOOCV,p4_r5_swd_plus_p7_r5_swd,Nested_all,CP_summary,RF_depth1,0.5733381698156383,0.9027777777777776,-20
C871,LOOCV,p4_r5_the_plus_p7_r5_the,Nested_all,CP_summary,LDA_shrinkage,0.7507146277391772,1.0,-35
C871,LOOCV,p5_r6_aye,Nested_all,Sequence_Local,LR_0.01,0.5,0.9117647058823528,-35
C871,LOOCV,p5_r6_nye,Nested_all,Sequence_Local,LR_0.01,0.5205412179581396,0.9117647058823528,-35
C871,LOOCV,p5_r6_sfe,Nested_all,Sequence_Local,LR_0.01,0.5205412179581396,0.9117647058823528,-35
C871,LOOCV,p5_r6_swd,Nested_all,CP_summary,RF_depth1,0.4482872199593954,0.9615384615384616,-25
C871,LOOCV,p5_r6_syq,Nested_all,Sequence_Local,LR_0.01,0.5156093910352395,0.9117647058823528,-35
C871,LOOCV,p5_r6_thn,Nested_all,CP_summary,RF_depth1,0.6506979958637857,0.9166666666666669,-5
C871,LOOCV,p5_r6_twd,Nested_all,Local_deltaCP,SVM_RBF,0.4231212263444579,0.9411764705882352,-35
C871,LOOCV,p5_r6_tye,Nested_all,Sequence_Local,LR_0.01,0.5383532227630667,0.9117647058823528,-35
C871,LOOCV,p5_r6_vfn,Nested_all,Repository,RF_depth1,0.4368408831656287,0.9166666666666669,-25
C871,LOOCV,p6_r7_qfw,Nested_all,Repository,RF_depth1,0.4572919396938152,0.9166666666666669,-25
C871,LOOCV,p6_r7_qrw,Nested_all,Local_deltaCP,LR_0.01,0.5444101615895971,0.9666666666666668,-30
C871,LOOCV,p6_r7_trq,Nested_all,Sequence_Local,LR_0.01,0.5185037710860594,0.9411764705882352,-35
C871,LOOCV,p6_r7_wfd,Nested_all,CP_summary,RF_depth1,0.5626313084385954,0.9444444444444444,-25
C871,LOOCV,p6_r7_wfq,Nested_all,CP_summary,RF_depth1,0.560751739744331,0.9444444444444444,-20
C871,LOOCV,p7_r5_syvirr,Nested_all,Repository,LR_0.01,0.5063655286443998,0.9615384615384616,-25
C871,LOOCV,p8_r6_gve,Nested_all,Sequence_Local,LR_0.01,0.5453933215495956,0.9166666666666669,-35
C871,Position_group_out,4,Nested_all,Local_deltaCP,LR_1,2.735702880152401e-06,0.9117647058823528,-5
C871,Position_group_out,4+7,Nested_all,ContactSeek_CCR,ExtraTrees_depth2,0.5,1.0,-25
C871,Position_group_out,5,Nested_all,ContactSeek_CCR,SVM_RBF,0.3749313446410786,0.9,-15
C871,Position_group_out,6,Nested_all,CP_summary,RF_depth1,0.5,1.0,-20
C871,Position_group_out,7,Nested_all,Total_CP,RF_depth1,0.9144553059354746,0.8611111111111112,-5
C871,Position_group_out,8,Nested_all,CP_summary,ExtraTrees_depth2,0.6028272292722758,0.9166666666666669,-20
C871,Strict_position_out,P4,Nested_all,ContactSeek_CCR,ExtraTrees_depth2,0.7486554621848736,1.0,-25
C871,Strict_position_out,P5,Nested_all,CP_summary,LR_0.1,0.4640406760924181,0.9,-15
C871,Strict_position_out,P6,Nested_all,CP_summary,RF_depth1,0.5,1.0,-20
C871,Strict_position_out,P7,Nested_all,ContactSeek_CCR,ExtraTrees_depth2,0.4762142857142855,0.9583333333333331,-25
C871,Strict_position_out,P8,Nested_all,CP_summary,ExtraTrees_depth2,0.6028272292722758,0.8888888888888888,-20
