site,validation,fold,family,model,policy,construct,y,score,threshold,prediction,label_threshold_pp
C871,LOOCV,p4_r5_she,Repository,RF_depth1,fixed_0.5,p4_r5_she,0,0.1953573825744395,0.5,0,-20
C871,LOOCV,p4_r5_she,Repository,RF_depth1,training_only_threshold,p4_r5_she,0,0.1953573825744395,0.3050039682539682,0,-20
C871,LOOCV,p4_r5_she_plus_p7_r5_she,Repository,RF_depth1,fixed_0.5,p4_r5_she_plus_p7_r5_she,0,0.1364138043732973,0.5,0,-20
C871,LOOCV,p4_r5_she_plus_p7_r5_she,Repository,RF_depth1,training_only_threshold,p4_r5_she_plus_p7_r5_she,0,0.1364138043732973,0.3566960678210678,0,-20
C871,LOOCV,p4_r5_sne,Repository,RF_depth1,fixed_0.5,p4_r5_sne,0,0.3764601220596288,0.5,0,-20
C871,LOOCV,p4_r5_sne,Repository,RF_depth1,training_only_threshold,p4_r5_sne,0,0.3764601220596288,0.3505896788454251,1,-20
C871,LOOCV,p4_r5_sne_plus_p7_r5_sne,Repository,RF_depth1,fixed_0.5,p4_r5_sne_plus_p7_r5_sne,1,0.6167685703744819,0.5,1,-20
C871,LOOCV,p4_r5_sne_plus_p7_r5_sne,Repository,RF_depth1,training_only_threshold,p4_r5_sne_plus_p7_r5_sne,1,0.6167685703744819,0.3581641372452906,1,-20
C871,LOOCV,p4_r5_swd_plus_p7_r5_swd,Repository,RF_depth1,fixed_0.5,p4_r5_swd_plus_p7_r5_swd,1,0.8735391806942299,0.5,1,-20
C871,LOOCV,p4_r5_swd_plus_p7_r5_swd,Repository,RF_depth1,training_only_threshold,p4_r5_swd_plus_p7_r5_swd,1,0.8735391806942299,0.5100408858130909,1,-20
C871,LOOCV,p4_r5_the_plus_p7_r5_the,Repository,RF_depth1,fixed_0.5,p4_r5_the_plus_p7_r5_the,1,0.5923452311878254,0.5,1,-20
C871,LOOCV,p4_r5_the_plus_p7_r5_the,Repository,RF_depth1,training_only_threshold,p4_r5_the_plus_p7_r5_the,1,0.5923452311878254,0.188056332212216,1,-20
C871,LOOCV,p5_r6_aye,Repository,RF_depth1,fixed_0.5,p5_r6_aye,0,0.1764245948826283,0.5,0,-20
C871,LOOCV,p5_r6_aye,Repository,RF_depth1,training_only_threshold,p5_r6_aye,0,0.1764245948826283,0.4228688672438672,0,-20
C871,LOOCV,p5_r6_nye,Repository,RF_depth1,fixed_0.5,p5_r6_nye,0,0.7001179642012616,0.5,1,-20
C871,LOOCV,p5_r6_nye,Repository,RF_depth1,training_only_threshold,p5_r6_nye,0,0.7001179642012616,0.4228688672438672,1,-20
C871,LOOCV,p5_r6_sfe,Repository,RF_depth1,fixed_0.5,p5_r6_sfe,0,0.0665980175571863,0.5,0,-20
C871,LOOCV,p5_r6_sfe,Repository,RF_depth1,training_only_threshold,p5_r6_sfe,0,0.0665980175571863,0.4323618280154485,0,-20
C871,LOOCV,p5_r6_swd,Repository,RF_depth1,fixed_0.5,p5_r6_swd,1,0.5040804741143796,0.5,1,-20
C871,LOOCV,p5_r6_swd,Repository,RF_depth1,training_only_threshold,p5_r6_swd,1,0.5040804741143796,0.5,1,-20
C871,LOOCV,p5_r6_syq,Repository,RF_depth1,fixed_0.5,p5_r6_syq,0,0.0687396833797366,0.5,0,-20
C871,LOOCV,p5_r6_syq,Repository,RF_depth1,training_only_threshold,p5_r6_syq,0,0.0687396833797366,0.3979338212358027,0,-20
C871,LOOCV,p5_r6_thn,Repository,RF_depth1,fixed_0.5,p5_r6_thn,0,0.045934911718348,0.5,0,-20
C871,LOOCV,p5_r6_thn,Repository,RF_depth1,training_only_threshold,p5_r6_thn,0,0.045934911718348,0.3833568927645545,0,-20
C871,LOOCV,p5_r6_twd,Repository,RF_depth1,fixed_0.5,p5_r6_twd,1,0.8433117097343438,0.5,1,-20
C871,LOOCV,p5_r6_twd,Repository,RF_depth1,training_only_threshold,p5_r6_twd,1,0.8433117097343438,0.341717196978651,1,-20
C871,LOOCV,p5_r6_tye,Repository,RF_depth1,fixed_0.5,p5_r6_tye,1,0.6580051139588524,0.5,1,-20
C871,LOOCV,p5_r6_tye,Repository,RF_depth1,training_only_threshold,p5_r6_tye,1,0.6580051139588524,0.4029087147513943,1,-20
C871,LOOCV,p5_r6_vfn,Repository,RF_depth1,fixed_0.5,p5_r6_vfn,0,0.0692102498045172,0.5,0,-20
C871,LOOCV,p5_r6_vfn,Repository,RF_depth1,training_only_threshold,p5_r6_vfn,0,0.0692102498045172,0.3710494622211308,0,-20
C871,LOOCV,p6_r7_qfw,Repository,RF_depth1,fixed_0.5,p6_r7_qfw,0,0.5070885199307809,0.5,1,-20
C871,LOOCV,p6_r7_qfw,Repository,RF_depth1,training_only_threshold,p6_r7_qfw,0,0.5070885199307809,0.3255239898989898,1,-20
C871,LOOCV,p6_r7_qrw,Repository,RF_depth1,fixed_0.5,p6_r7_qrw,1,0.760229532936763,0.5,1,-20
C871,LOOCV,p6_r7_qrw,Repository,RF_depth1,training_only_threshold,p6_r7_qrw,1,0.760229532936763,0.4210660786086311,1,-20
C871,LOOCV,p6_r7_trq,Repository,RF_depth1,fixed_0.5,p6_r7_trq,0,0.7110853950599539,0.5,1,-20
C871,LOOCV,p6_r7_trq,Repository,RF_depth1,training_only_threshold,p6_r7_trq,0,0.7110853950599539,0.3590059523809523,1,-20
C871,LOOCV,p6_r7_wfd,Repository,RF_depth1,fixed_0.5,p6_r7_wfd,0,0.8194462932967133,0.5,1,-20
C871,LOOCV,p6_r7_wfd,Repository,RF_depth1,training_only_threshold,p6_r7_wfd,0,0.8194462932967133,0.3285515873015873,1,-20
C871,LOOCV,p6_r7_wfq,Repository,RF_depth1,fixed_0.5,p6_r7_wfq,1,0.2341587790062748,0.5,0,-20
C871,LOOCV,p6_r7_wfq,Repository,RF_depth1,training_only_threshold,p6_r7_wfq,1,0.2341587790062748,0.5706696832197549,0,-20
C871,LOOCV,p7_r5_syvirr,Repository,RF_depth1,fixed_0.5,p7_r5_syvirr,1,0.8399169545365781,0.5,1,-20
C871,LOOCV,p7_r5_syvirr,Repository,RF_depth1,training_only_threshold,p7_r5_syvirr,1,0.8399169545365781,0.6121723493515435,1,-20
C871,LOOCV,p8_r6_gve,Repository,RF_depth1,fixed_0.5,p8_r6_gve,1,0.5326683545410587,0.5,1,-20
C871,LOOCV,p8_r6_gve,Repository,RF_depth1,training_only_threshold,p8_r6_gve,1,0.5326683545410587,0.6186285107661786,0,-20
C871,Position_group_out,4,Repository,RF_depth1,fixed_0.5,p4_r5_she,0,0.327721421552304,0.5,0,-20
C871,Position_group_out,4,Repository,RF_depth1,fixed_0.5,p4_r5_sne,0,0.4301981809040633,0.5,0,-20
C871,Position_group_out,4,Repository,RF_depth1,training_only_threshold,p4_r5_she,0,0.327721421552304,0.5,0,-20
C871,Position_group_out,4,Repository,RF_depth1,training_only_threshold,p4_r5_sne,0,0.4301981809040633,0.5,0,-20
C871,Position_group_out,4+7,Repository,RF_depth1,fixed_0.5,p4_r5_she_plus_p7_r5_she,0,0.1052624895634566,0.5,0,-20
C871,Position_group_out,4+7,Repository,RF_depth1,fixed_0.5,p4_r5_sne_plus_p7_r5_sne,1,0.4591278050669236,0.5,0,-20
C871,Position_group_out,4+7,Repository,RF_depth1,fixed_0.5,p4_r5_swd_plus_p7_r5_swd,1,0.8855399491552681,0.5,1,-20
C871,Position_group_out,4+7,Repository,RF_depth1,fixed_0.5,p4_r5_the_plus_p7_r5_the,1,0.4633990549444121,0.5,0,-20
C871,Position_group_out,4+7,Repository,RF_depth1,training_only_threshold,p4_r5_she_plus_p7_r5_she,0,0.1052624895634566,0.425967674431404,0,-20
C871,Position_group_out,4+7,Repository,RF_depth1,training_only_threshold,p4_r5_sne_plus_p7_r5_sne,1,0.4591278050669236,0.425967674431404,1,-20
C871,Position_group_out,4+7,Repository,RF_depth1,training_only_threshold,p4_r5_swd_plus_p7_r5_swd,1,0.8855399491552681,0.425967674431404,1,-20
C871,Position_group_out,4+7,Repository,RF_depth1,training_only_threshold,p4_r5_the_plus_p7_r5_the,1,0.4633990549444121,0.425967674431404,1,-20
C871,Position_group_out,5,Repository,RF_depth1,fixed_0.5,p5_r6_aye,0,0.360651223175323,0.5,0,-20
C871,Position_group_out,5,Repository,RF_depth1,fixed_0.5,p5_r6_nye,0,0.3650010522538175,0.5,0,-20
C871,Position_group_out,5,Repository,RF_depth1,fixed_0.5,p5_r6_sfe,0,0.2918263273142309,0.5,0,-20
C871,Position_group_out,5,Repository,RF_depth1,fixed_0.5,p5_r6_swd,1,0.5748536368290191,0.5,1,-20
C871,Position_group_out,5,Repository,RF_depth1,fixed_0.5,p5_r6_syq,0,0.2854626909505945,0.5,0,-20
C871,Position_group_out,5,Repository,RF_depth1,fixed_0.5,p5_r6_thn,0,0.268991731354635,0.5,0,-20
C871,Position_group_out,5,Repository,RF_depth1,fixed_0.5,p5_r6_twd,1,0.8163083416133654,0.5,1,-20
C871,Position_group_out,5,Repository,RF_depth1,fixed_0.5,p5_r6_tye,1,0.5912910822371531,0.5,1,-20
C871,Position_group_out,5,Repository,RF_depth1,fixed_0.5,p5_r6_vfn,0,0.3542875868116866,0.5,0,-20
C871,Position_group_out,5,Repository,RF_depth1,training_only_threshold,p5_r6_aye,0,0.360651223175323,0.5444734735109547,0,-20
C871,Position_group_out,5,Repository,RF_depth1,training_only_threshold,p5_r6_nye,0,0.3650010522538175,0.5444734735109547,0,-20
C871,Position_group_out,5,Repository,RF_depth1,training_only_threshold,p5_r6_sfe,0,0.2918263273142309,0.5444734735109547,0,-20
C871,Position_group_out,5,Repository,RF_depth1,training_only_threshold,p5_r6_swd,1,0.5748536368290191,0.5444734735109547,1,-20
C871,Position_group_out,5,Repository,RF_depth1,training_only_threshold,p5_r6_syq,0,0.2854626909505945,0.5444734735109547,0,-20
C871,Position_group_out,5,Repository,RF_depth1,training_only_threshold,p5_r6_thn,0,0.268991731354635,0.5444734735109547,0,-20
C871,Position_group_out,5,Repository,RF_depth1,training_only_threshold,p5_r6_twd,1,0.8163083416133654,0.5444734735109547,1,-20
C871,Position_group_out,5,Repository,RF_depth1,training_only_threshold,p5_r6_tye,1,0.5912910822371531,0.5444734735109547,1,-20
C871,Position_group_out,5,Repository,RF_depth1,training_only_threshold,p5_r6_vfn,0,0.3542875868116866,0.5444734735109547,0,-20
C871,Position_group_out,6,Repository,RF_depth1,fixed_0.5,p6_r7_qfw,0,0.83,0.5,1,-20
C871,Position_group_out,6,Repository,RF_depth1,fixed_0.5,p6_r7_qrw,1,0.96,0.5,1,-20
C871,Position_group_out,6,Repository,RF_depth1,fixed_0.5,p6_r7_trq,0,0.89,0.5,1,-20
C871,Position_group_out,6,Repository,RF_depth1,fixed_0.5,p6_r7_wfd,0,0.9,0.5,1,-20
C871,Position_group_out,6,Repository,RF_depth1,fixed_0.5,p6_r7_wfq,1,0.63,0.5,1,-20
C871,Position_group_out,6,Repository,RF_depth1,training_only_threshold,p6_r7_qfw,0,0.83,0.5,1,-20
C871,Position_group_out,6,Repository,RF_depth1,training_only_threshold,p6_r7_qrw,1,0.96,0.5,1,-20
C871,Position_group_out,6,Repository,RF_depth1,training_only_threshold,p6_r7_trq,0,0.89,0.5,1,-20
C871,Position_group_out,6,Repository,RF_depth1,training_only_threshold,p6_r7_wfd,0,0.9,0.5,1,-20
C871,Position_group_out,6,Repository,RF_depth1,training_only_threshold,p6_r7_wfq,1,0.63,0.5,1,-20
C871,Position_group_out,7,Repository,RF_depth1,fixed_0.5,p7_r5_syvirr,1,0.8399169545365781,0.5,1,-20
C871,Position_group_out,7,Repository,RF_depth1,training_only_threshold,p7_r5_syvirr,1,0.8399169545365781,0.564069974490635,1,-20
C871,Position_group_out,8,Repository,RF_depth1,fixed_0.5,p8_r6_gve,1,0.5326683545410587,0.5,1,-20
C871,Position_group_out,8,Repository,RF_depth1,training_only_threshold,p8_r6_gve,1,0.5326683545410587,0.5,1,-20
C871,Strict_position_out,P4,Repository,RF_depth1,fixed_0.5,p4_r5_she,0,0.2578129331062729,0.5,0,-20
C871,Strict_position_out,P4,Repository,RF_depth1,fixed_0.5,p4_r5_she_plus_p7_r5_she,0,0.240812933106273,0.5,0,-20
C871,Strict_position_out,P4,Repository,RF_depth1,fixed_0.5,p4_r5_sne,0,0.555993293502754,0.5,1,-20
C871,Strict_position_out,P4,Repository,RF_depth1,fixed_0.5,p4_r5_sne_plus_p7_r5_sne,1,0.708039062508935,0.5,1,-20
C871,Strict_position_out,P4,Repository,RF_depth1,fixed_0.5,p4_r5_swd_plus_p7_r5_swd,1,0.7877498940913904,0.5,1,-20
C871,Strict_position_out,P4,Repository,RF_depth1,fixed_0.5,p4_r5_the_plus_p7_r5_the,1,0.4340709713672392,0.5,0,-20
C871,Strict_position_out,P4,Repository,RF_depth1,training_only_threshold,p4_r5_she,0,0.2578129331062729,0.5,0,-20
C871,Strict_position_out,P4,Repository,RF_depth1,training_only_threshold,p4_r5_she_plus_p7_r5_she,0,0.240812933106273,0.5,0,-20
C871,Strict_position_out,P4,Repository,RF_depth1,training_only_threshold,p4_r5_sne,0,0.555993293502754,0.5,1,-20
C871,Strict_position_out,P4,Repository,RF_depth1,training_only_threshold,p4_r5_sne_plus_p7_r5_sne,1,0.708039062508935,0.5,1,-20
C871,Strict_position_out,P4,Repository,RF_depth1,training_only_threshold,p4_r5_swd_plus_p7_r5_swd,1,0.7877498940913904,0.5,1,-20
C871,Strict_position_out,P4,Repository,RF_depth1,training_only_threshold,p4_r5_the_plus_p7_r5_the,1,0.4340709713672392,0.5,0,-20
C871,Strict_position_out,P5,Repository,RF_depth1,fixed_0.5,p5_r6_aye,0,0.360651223175323,0.5,0,-20
C871,Strict_position_out,P5,Repository,RF_depth1,fixed_0.5,p5_r6_nye,0,0.3650010522538175,0.5,0,-20
C871,Strict_position_out,P5,Repository,RF_depth1,fixed_0.5,p5_r6_sfe,0,0.2918263273142309,0.5,0,-20
C871,Strict_position_out,P5,Repository,RF_depth1,fixed_0.5,p5_r6_swd,1,0.5748536368290191,0.5,1,-20
C871,Strict_position_out,P5,Repository,RF_depth1,fixed_0.5,p5_r6_syq,0,0.2854626909505945,0.5,0,-20
C871,Strict_position_out,P5,Repository,RF_depth1,fixed_0.5,p5_r6_thn,0,0.268991731354635,0.5,0,-20
C871,Strict_position_out,P5,Repository,RF_depth1,fixed_0.5,p5_r6_twd,1,0.8163083416133654,0.5,1,-20
C871,Strict_position_out,P5,Repository,RF_depth1,fixed_0.5,p5_r6_tye,1,0.5912910822371531,0.5,1,-20
C871,Strict_position_out,P5,Repository,RF_depth1,fixed_0.5,p5_r6_vfn,0,0.3542875868116866,0.5,0,-20
C871,Strict_position_out,P5,Repository,RF_depth1,training_only_threshold,p5_r6_aye,0,0.360651223175323,0.5572833634751153,0,-20
C871,Strict_position_out,P5,Repository,RF_depth1,training_only_threshold,p5_r6_nye,0,0.3650010522538175,0.5572833634751153,0,-20
C871,Strict_position_out,P5,Repository,RF_depth1,training_only_threshold,p5_r6_sfe,0,0.2918263273142309,0.5572833634751153,0,-20
C871,Strict_position_out,P5,Repository,RF_depth1,training_only_threshold,p5_r6_swd,1,0.5748536368290191,0.5572833634751153,1,-20
C871,Strict_position_out,P5,Repository,RF_depth1,training_only_threshold,p5_r6_syq,0,0.2854626909505945,0.5572833634751153,0,-20
C871,Strict_position_out,P5,Repository,RF_depth1,training_only_threshold,p5_r6_thn,0,0.268991731354635,0.5572833634751153,0,-20
C871,Strict_position_out,P5,Repository,RF_depth1,training_only_threshold,p5_r6_twd,1,0.8163083416133654,0.5572833634751153,1,-20
C871,Strict_position_out,P5,Repository,RF_depth1,training_only_threshold,p5_r6_tye,1,0.5912910822371531,0.5572833634751153,1,-20
C871,Strict_position_out,P5,Repository,RF_depth1,training_only_threshold,p5_r6_vfn,0,0.3542875868116866,0.5572833634751153,0,-20
C871,Strict_position_out,P6,Repository,RF_depth1,fixed_0.5,p6_r7_qfw,0,0.83,0.5,1,-20
C871,Strict_position_out,P6,Repository,RF_depth1,fixed_0.5,p6_r7_qrw,1,0.96,0.5,1,-20
C871,Strict_position_out,P6,Repository,RF_depth1,fixed_0.5,p6_r7_trq,0,0.89,0.5,1,-20
C871,Strict_position_out,P6,Repository,RF_depth1,fixed_0.5,p6_r7_wfd,0,0.9,0.5,1,-20
C871,Strict_position_out,P6,Repository,RF_depth1,fixed_0.5,p6_r7_wfq,1,0.63,0.5,1,-20
C871,Strict_position_out,P6,Repository,RF_depth1,training_only_threshold,p6_r7_qfw,0,0.83,0.5,1,-20
C871,Strict_position_out,P6,Repository,RF_depth1,training_only_threshold,p6_r7_qrw,1,0.96,0.5,1,-20
C871,Strict_position_out,P6,Repository,RF_depth1,training_only_threshold,p6_r7_trq,0,0.89,0.5,1,-20
C871,Strict_position_out,P6,Repository,RF_depth1,training_only_threshold,p6_r7_wfd,0,0.9,0.5,1,-20
C871,Strict_position_out,P6,Repository,RF_depth1,training_only_threshold,p6_r7_wfq,1,0.63,0.5,1,-20
C871,Strict_position_out,P7,Repository,RF_depth1,fixed_0.5,p4_r5_she_plus_p7_r5_she,0,0.1110417093996161,0.5,0,-20
C871,Strict_position_out,P7,Repository,RF_depth1,fixed_0.5,p4_r5_sne_plus_p7_r5_sne,1,0.5560936263535173,0.5,1,-20
C871,Strict_position_out,P7,Repository,RF_depth1,fixed_0.5,p4_r5_swd_plus_p7_r5_swd,1,0.8488124506003824,0.5,1,-20
C871,Strict_position_out,P7,Repository,RF_depth1,fixed_0.5,p4_r5_the_plus_p7_r5_the,1,0.5508801667011822,0.5,1,-20
C871,Strict_position_out,P7,Repository,RF_depth1,fixed_0.5,p7_r5_syvirr,1,0.8635233161760819,0.5,1,-20
C871,Strict_position_out,P7,Repository,RF_depth1,training_only_threshold,p4_r5_she_plus_p7_r5_she,0,0.1110417093996161,0.5,0,-20
C871,Strict_position_out,P7,Repository,RF_depth1,training_only_threshold,p4_r5_sne_plus_p7_r5_sne,1,0.5560936263535173,0.5,1,-20
C871,Strict_position_out,P7,Repository,RF_depth1,training_only_threshold,p4_r5_swd_plus_p7_r5_swd,1,0.8488124506003824,0.5,1,-20
C871,Strict_position_out,P7,Repository,RF_depth1,training_only_threshold,p4_r5_the_plus_p7_r5_the,1,0.5508801667011822,0.5,1,-20
C871,Strict_position_out,P7,Repository,RF_depth1,training_only_threshold,p7_r5_syvirr,1,0.8635233161760819,0.5,1,-20
C871,Strict_position_out,P8,Repository,RF_depth1,fixed_0.5,p8_r6_gve,1,0.5326683545410587,0.5,1,-20
C871,Strict_position_out,P8,Repository,RF_depth1,training_only_threshold,p8_r6_gve,1,0.5326683545410587,0.4837604099752693,1,-20
C295,LOOCV,p4_r5_she,Local_deltaCP,LR_0.01,fixed_0.5,p4_r5_she,1,0.5837017441408427,0.5,1,-10
C295,LOOCV,p4_r5_she,Local_deltaCP,LR_0.01,training_only_threshold,p4_r5_she,1,0.5837017441408427,0.4686389657024997,1,-10
C295,LOOCV,p4_r5_she_plus_p7_r5_she,Local_deltaCP,LR_0.01,fixed_0.5,p4_r5_she_plus_p7_r5_she,0,0.6465311781103301,0.5,1,-10
C295,LOOCV,p4_r5_she_plus_p7_r5_she,Local_deltaCP,LR_0.01,training_only_threshold,p4_r5_she_plus_p7_r5_she,0,0.6465311781103301,0.475943893052777,1,-10
C295,LOOCV,p4_r5_sne,Local_deltaCP,LR_0.01,fixed_0.5,p4_r5_sne,1,0.5595045008902636,0.5,1,-10
C295,LOOCV,p4_r5_sne,Local_deltaCP,LR_0.01,training_only_threshold,p4_r5_sne,1,0.5595045008902636,0.5911645670619561,0,-10
C295,LOOCV,p4_r5_sne_plus_p7_r5_sne,Local_deltaCP,LR_0.01,fixed_0.5,p4_r5_sne_plus_p7_r5_sne,1,0.5832798468147907,0.5,1,-10
C295,LOOCV,p4_r5_sne_plus_p7_r5_sne,Local_deltaCP,LR_0.01,training_only_threshold,p4_r5_sne_plus_p7_r5_sne,1,0.5832798468147907,0.5,1,-10
C295,LOOCV,p4_r5_swd_plus_p7_r5_swd,Local_deltaCP,LR_0.01,fixed_0.5,p4_r5_swd_plus_p7_r5_swd,1,0.2597216483909587,0.5,0,-10
C295,LOOCV,p4_r5_swd_plus_p7_r5_swd,Local_deltaCP,LR_0.01,training_only_threshold,p4_r5_swd_plus_p7_r5_swd,1,0.2597216483909587,0.3979405057220532,0,-10
C295,LOOCV,p4_r5_the_plus_p7_r5_the,Local_deltaCP,LR_0.01,fixed_0.5,p4_r5_the_plus_p7_r5_the,1,0.3546264559195264,0.5,0,-10
C295,LOOCV,p4_r5_the_plus_p7_r5_the,Local_deltaCP,LR_0.01,training_only_threshold,p4_r5_the_plus_p7_r5_the,1,0.3546264559195264,0.5875568639044826,0,-10
C295,LOOCV,p5_r6_aye,Local_deltaCP,LR_0.01,fixed_0.5,p5_r6_aye,1,0.5755129974401085,0.5,1,-10
C295,LOOCV,p5_r6_aye,Local_deltaCP,LR_0.01,training_only_threshold,p5_r6_aye,1,0.5755129974401085,0.4777734757946905,1,-10
C295,LOOCV,p5_r6_nye,Local_deltaCP,LR_0.01,fixed_0.5,p5_r6_nye,1,0.3195662229333701,0.5,0,-10
C295,LOOCV,p5_r6_nye,Local_deltaCP,LR_0.01,training_only_threshold,p5_r6_nye,1,0.3195662229333701,0.5294983087231789,0,-10
C295,LOOCV,p5_r6_sfe,Local_deltaCP,LR_0.01,fixed_0.5,p5_r6_sfe,1,0.5694166473581316,0.5,1,-10
C295,LOOCV,p5_r6_sfe,Local_deltaCP,LR_0.01,training_only_threshold,p5_r6_sfe,1,0.5694166473581316,0.4595674610759291,1,-10
C295,LOOCV,p5_r6_swd,Local_deltaCP,LR_0.01,fixed_0.5,p5_r6_swd,1,0.4883586170161723,0.5,0,-10
C295,LOOCV,p5_r6_swd,Local_deltaCP,LR_0.01,training_only_threshold,p5_r6_swd,1,0.4883586170161723,0.5279592718108245,0,-10
C295,LOOCV,p5_r6_syq,Local_deltaCP,LR_0.01,fixed_0.5,p5_r6_syq,1,0.6190725195786988,0.5,1,-10
C295,LOOCV,p5_r6_syq,Local_deltaCP,LR_0.01,training_only_threshold,p5_r6_syq,1,0.6190725195786988,0.4382452345654428,1,-10
C295,LOOCV,p5_r6_thn,Local_deltaCP,LR_0.01,fixed_0.5,p5_r6_thn,1,0.5337807108318955,0.5,1,-10
C295,LOOCV,p5_r6_thn,Local_deltaCP,LR_0.01,training_only_threshold,p5_r6_thn,1,0.5337807108318955,0.4350492817920867,1,-10
C295,LOOCV,p5_r6_twd,Local_deltaCP,LR_0.01,fixed_0.5,p5_r6_twd,1,0.4582959611078946,0.5,0,-10
C295,LOOCV,p5_r6_twd,Local_deltaCP,LR_0.01,training_only_threshold,p5_r6_twd,1,0.4582959611078946,0.5451150528735345,0,-10
C295,LOOCV,p5_r6_tye,Local_deltaCP,LR_0.01,fixed_0.5,p5_r6_tye,1,0.5494029592109001,0.5,1,-10
C295,LOOCV,p5_r6_tye,Local_deltaCP,LR_0.01,training_only_threshold,p5_r6_tye,1,0.5494029592109001,0.5,1,-10
C295,LOOCV,p5_r6_vfn,Local_deltaCP,LR_0.01,fixed_0.5,p5_r6_vfn,0,0.571295081012594,0.5,1,-10
C295,LOOCV,p5_r6_vfn,Local_deltaCP,LR_0.01,training_only_threshold,p5_r6_vfn,0,0.571295081012594,0.5,1,-10
C295,LOOCV,p6_r7_qfw,Local_deltaCP,LR_0.01,fixed_0.5,p6_r7_qfw,0,0.5684514388848197,0.5,1,-10
C295,LOOCV,p6_r7_qfw,Local_deltaCP,LR_0.01,training_only_threshold,p6_r7_qfw,0,0.5684514388848197,0.4552582446238223,1,-10
C295,LOOCV,p6_r7_qrw,Local_deltaCP,LR_0.01,fixed_0.5,p6_r7_qrw,1,0.2402549525980606,0.5,0,-10
C295,LOOCV,p6_r7_qrw,Local_deltaCP,LR_0.01,training_only_threshold,p6_r7_qrw,1,0.2402549525980606,0.3892814836806882,0,-10
C295,LOOCV,p6_r7_trq,Local_deltaCP,LR_0.01,fixed_0.5,p6_r7_trq,0,0.3922845588574623,0.5,0,-10
C295,LOOCV,p6_r7_trq,Local_deltaCP,LR_0.01,training_only_threshold,p6_r7_trq,0,0.3922845588574623,0.4556816198622348,0,-10
C295,LOOCV,p6_r7_wfd,Local_deltaCP,LR_0.01,fixed_0.5,p6_r7_wfd,0,0.3456669872981257,0.5,0,-10
C295,LOOCV,p6_r7_wfd,Local_deltaCP,LR_0.01,training_only_threshold,p6_r7_wfd,0,0.3456669872981257,0.5,0,-10
C295,LOOCV,p6_r7_wfq,Local_deltaCP,LR_0.01,fixed_0.5,p6_r7_wfq,0,0.4309678097426873,0.5,0,-10
C295,LOOCV,p6_r7_wfq,Local_deltaCP,LR_0.01,training_only_threshold,p6_r7_wfq,0,0.4309678097426873,0.5065603591921624,0,-10
C295,LOOCV,p7_r5_syvirr,Local_deltaCP,LR_0.01,fixed_0.5,p7_r5_syvirr,0,0.4099023956924184,0.5,0,-10
C295,LOOCV,p7_r5_syvirr,Local_deltaCP,LR_0.01,training_only_threshold,p7_r5_syvirr,0,0.4099023956924184,0.4214497849814206,0,-10
C295,LOOCV,p8_r6_gve,Local_deltaCP,LR_0.01,fixed_0.5,p8_r6_gve,0,0.3768134489583039,0.5,0,-10
C295,LOOCV,p8_r6_gve,Local_deltaCP,LR_0.01,training_only_threshold,p8_r6_gve,0,0.3768134489583039,0.5246896931946857,0,-10
C295,Position_group_out,4,Local_deltaCP,LR_0.01,fixed_0.5,p4_r5_she,1,0.5837397406599748,0.5,1,-10
C295,Position_group_out,4,Local_deltaCP,LR_0.01,fixed_0.5,p4_r5_sne,1,0.5669975263879548,0.5,1,-10
C295,Position_group_out,4,Local_deltaCP,LR_0.01,training_only_threshold,p4_r5_she,1,0.5837397406599748,0.4244258054691983,1,-10
C295,Position_group_out,4,Local_deltaCP,LR_0.01,training_only_threshold,p4_r5_sne,1,0.5669975263879548,0.4244258054691983,1,-10
C295,Position_group_out,4+7,Local_deltaCP,LR_0.01,fixed_0.5,p4_r5_she_plus_p7_r5_she,0,0.6378823920267321,0.5,1,-10
C295,Position_group_out,4+7,Local_deltaCP,LR_0.01,fixed_0.5,p4_r5_sne_plus_p7_r5_sne,1,0.6600860767072634,0.5,1,-10
C295,Position_group_out,4+7,Local_deltaCP,LR_0.01,fixed_0.5,p4_r5_swd_plus_p7_r5_swd,1,0.0401211132376546,0.5,0,-10
C295,Position_group_out,4+7,Local_deltaCP,LR_0.01,fixed_0.5,p4_r5_the_plus_p7_r5_the,1,0.1245918712174316,0.5,0,-10
C295,Position_group_out,4+7,Local_deltaCP,LR_0.01,training_only_threshold,p4_r5_she_plus_p7_r5_she,0,0.6378823920267321,0.5326044602435251,1,-10
C295,Position_group_out,4+7,Local_deltaCP,LR_0.01,training_only_threshold,p4_r5_sne_plus_p7_r5_sne,1,0.6600860767072634,0.5326044602435251,1,-10
C295,Position_group_out,4+7,Local_deltaCP,LR_0.01,training_only_threshold,p4_r5_swd_plus_p7_r5_swd,1,0.0401211132376546,0.5326044602435251,0,-10
C295,Position_group_out,4+7,Local_deltaCP,LR_0.01,training_only_threshold,p4_r5_the_plus_p7_r5_the,1,0.1245918712174316,0.5326044602435251,0,-10
C295,Position_group_out,5,Local_deltaCP,LR_0.01,fixed_0.5,p5_r6_aye,1,0.5031274758448887,0.5,1,-10
C295,Position_group_out,5,Local_deltaCP,LR_0.01,fixed_0.5,p5_r6_nye,1,0.3608930188917418,0.5,0,-10
C295,Position_group_out,5,Local_deltaCP,LR_0.01,fixed_0.5,p5_r6_sfe,1,0.4990604928241187,0.5,0,-10
C295,Position_group_out,5,Local_deltaCP,LR_0.01,fixed_0.5,p5_r6_swd,1,0.4739954501354811,0.5,0,-10
C295,Position_group_out,5,Local_deltaCP,LR_0.01,fixed_0.5,p5_r6_syq,1,0.5190829882037384,0.5,1,-10
C295,Position_group_out,5,Local_deltaCP,LR_0.01,fixed_0.5,p5_r6_thn,1,0.4890026942629368,0.5,0,-10
C295,Position_group_out,5,Local_deltaCP,LR_0.01,fixed_0.5,p5_r6_twd,1,0.4403413013102925,0.5,0,-10
C295,Position_group_out,5,Local_deltaCP,LR_0.01,fixed_0.5,p5_r6_tye,1,0.4946184982793351,0.5,0,-10
C295,Position_group_out,5,Local_deltaCP,LR_0.01,fixed_0.5,p5_r6_vfn,0,0.4801924774709341,0.5,0,-10
C295,Position_group_out,5,Local_deltaCP,LR_0.01,training_only_threshold,p5_r6_aye,1,0.5031274758448887,0.3943316594547509,1,-10
C295,Position_group_out,5,Local_deltaCP,LR_0.01,training_only_threshold,p5_r6_nye,1,0.3608930188917418,0.3943316594547509,0,-10
C295,Position_group_out,5,Local_deltaCP,LR_0.01,training_only_threshold,p5_r6_sfe,1,0.4990604928241187,0.3943316594547509,1,-10
C295,Position_group_out,5,Local_deltaCP,LR_0.01,training_only_threshold,p5_r6_swd,1,0.4739954501354811,0.3943316594547509,1,-10
C295,Position_group_out,5,Local_deltaCP,LR_0.01,training_only_threshold,p5_r6_syq,1,0.5190829882037384,0.3943316594547509,1,-10
C295,Position_group_out,5,Local_deltaCP,LR_0.01,training_only_threshold,p5_r6_thn,1,0.4890026942629368,0.3943316594547509,1,-10
C295,Position_group_out,5,Local_deltaCP,LR_0.01,training_only_threshold,p5_r6_twd,1,0.4403413013102925,0.3943316594547509,1,-10
C295,Position_group_out,5,Local_deltaCP,LR_0.01,training_only_threshold,p5_r6_tye,1,0.4946184982793351,0.3943316594547509,1,-10
C295,Position_group_out,5,Local_deltaCP,LR_0.01,training_only_threshold,p5_r6_vfn,0,0.4801924774709341,0.3943316594547509,1,-10
C295,Position_group_out,6,Local_deltaCP,LR_0.01,fixed_0.5,p6_r7_qfw,0,0.5343502660741147,0.5,1,-10
C295,Position_group_out,6,Local_deltaCP,LR_0.01,fixed_0.5,p6_r7_qrw,1,0.2231342918184461,0.5,0,-10
C295,Position_group_out,6,Local_deltaCP,LR_0.01,fixed_0.5,p6_r7_trq,0,0.2963019989069361,0.5,0,-10
C295,Position_group_out,6,Local_deltaCP,LR_0.01,fixed_0.5,p6_r7_wfd,0,0.3796689119004437,0.5,0,-10
C295,Position_group_out,6,Local_deltaCP,LR_0.01,fixed_0.5,p6_r7_wfq,0,0.4492260407084524,0.5,0,-10
C295,Position_group_out,6,Local_deltaCP,LR_0.01,training_only_threshold,p6_r7_qfw,0,0.5343502660741147,0.5951559927557403,0,-10
C295,Position_group_out,6,Local_deltaCP,LR_0.01,training_only_threshold,p6_r7_qrw,1,0.2231342918184461,0.5951559927557403,0,-10
C295,Position_group_out,6,Local_deltaCP,LR_0.01,training_only_threshold,p6_r7_trq,0,0.2963019989069361,0.5951559927557403,0,-10
C295,Position_group_out,6,Local_deltaCP,LR_0.01,training_only_threshold,p6_r7_wfd,0,0.3796689119004437,0.5951559927557403,0,-10
C295,Position_group_out,6,Local_deltaCP,LR_0.01,training_only_threshold,p6_r7_wfq,0,0.4492260407084524,0.5951559927557403,0,-10
C295,Position_group_out,7,Local_deltaCP,LR_0.01,fixed_0.5,p7_r5_syvirr,0,0.4099023956924184,0.5,0,-10
C295,Position_group_out,7,Local_deltaCP,LR_0.01,training_only_threshold,p7_r5_syvirr,0,0.4099023956924184,0.6499857169341886,0,-10
C295,Position_group_out,8,Local_deltaCP,LR_0.01,fixed_0.5,p8_r6_gve,0,0.3768134489583039,0.5,0,-10
C295,Position_group_out,8,Local_deltaCP,LR_0.01,training_only_threshold,p8_r6_gve,0,0.3768134489583039,0.6307822442449267,0,-10
C295,Strict_position_out,P4,Local_deltaCP,LR_0.01,fixed_0.5,p4_r5_she,1,0.799731142880876,0.5,1,-10
C295,Strict_position_out,P4,Local_deltaCP,LR_0.01,fixed_0.5,p4_r5_she_plus_p7_r5_she,0,0.6757503785142569,0.5,1,-10
C295,Strict_position_out,P4,Local_deltaCP,LR_0.01,fixed_0.5,p4_r5_sne,1,0.6809402326942782,0.5,1,-10
C295,Strict_position_out,P4,Local_deltaCP,LR_0.01,fixed_0.5,p4_r5_sne_plus_p7_r5_sne,1,0.6479919702873704,0.5,1,-10
C295,Strict_position_out,P4,Local_deltaCP,LR_0.01,fixed_0.5,p4_r5_swd_plus_p7_r5_swd,1,0.1633538963073761,0.5,0,-10
C295,Strict_position_out,P4,Local_deltaCP,LR_0.01,fixed_0.5,p4_r5_the_plus_p7_r5_the,1,0.3167686159201433,0.5,0,-10
C295,Strict_position_out,P4,Local_deltaCP,LR_0.01,training_only_threshold,p4_r5_she,1,0.799731142880876,0.2699239960242938,1,-10
C295,Strict_position_out,P4,Local_deltaCP,LR_0.01,training_only_threshold,p4_r5_she_plus_p7_r5_she,0,0.6757503785142569,0.2699239960242938,1,-10
C295,Strict_position_out,P4,Local_deltaCP,LR_0.01,training_only_threshold,p4_r5_sne,1,0.6809402326942782,0.2699239960242938,1,-10
C295,Strict_position_out,P4,Local_deltaCP,LR_0.01,training_only_threshold,p4_r5_sne_plus_p7_r5_sne,1,0.6479919702873704,0.2699239960242938,1,-10
C295,Strict_position_out,P4,Local_deltaCP,LR_0.01,training_only_threshold,p4_r5_swd_plus_p7_r5_swd,1,0.1633538963073761,0.2699239960242938,0,-10
C295,Strict_position_out,P4,Local_deltaCP,LR_0.01,training_only_threshold,p4_r5_the_plus_p7_r5_the,1,0.3167686159201433,0.2699239960242938,1,-10
C295,Strict_position_out,P5,Local_deltaCP,LR_0.01,fixed_0.5,p5_r6_aye,1,0.5031274758448887,0.5,1,-10
C295,Strict_position_out,P5,Local_deltaCP,LR_0.01,fixed_0.5,p5_r6_nye,1,0.3608930188917418,0.5,0,-10
C295,Strict_position_out,P5,Local_deltaCP,LR_0.01,fixed_0.5,p5_r6_sfe,1,0.4990604928241187,0.5,0,-10
C295,Strict_position_out,P5,Local_deltaCP,LR_0.01,fixed_0.5,p5_r6_swd,1,0.4739954501354811,0.5,0,-10
C295,Strict_position_out,P5,Local_deltaCP,LR_0.01,fixed_0.5,p5_r6_syq,1,0.5190829882037384,0.5,1,-10
C295,Strict_position_out,P5,Local_deltaCP,LR_0.01,fixed_0.5,p5_r6_thn,1,0.4890026942629368,0.5,0,-10
C295,Strict_position_out,P5,Local_deltaCP,LR_0.01,fixed_0.5,p5_r6_twd,1,0.4403413013102925,0.5,0,-10
C295,Strict_position_out,P5,Local_deltaCP,LR_0.01,fixed_0.5,p5_r6_tye,1,0.4946184982793351,0.5,0,-10
C295,Strict_position_out,P5,Local_deltaCP,LR_0.01,fixed_0.5,p5_r6_vfn,0,0.4801924774709341,0.5,0,-10
C295,Strict_position_out,P5,Local_deltaCP,LR_0.01,training_only_threshold,p5_r6_aye,1,0.5031274758448887,0.5607536195177041,0,-10
C295,Strict_position_out,P5,Local_deltaCP,LR_0.01,training_only_threshold,p5_r6_nye,1,0.3608930188917418,0.5607536195177041,0,-10
C295,Strict_position_out,P5,Local_deltaCP,LR_0.01,training_only_threshold,p5_r6_sfe,1,0.4990604928241187,0.5607536195177041,0,-10
C295,Strict_position_out,P5,Local_deltaCP,LR_0.01,training_only_threshold,p5_r6_swd,1,0.4739954501354811,0.5607536195177041,0,-10
C295,Strict_position_out,P5,Local_deltaCP,LR_0.01,training_only_threshold,p5_r6_syq,1,0.5190829882037384,0.5607536195177041,0,-10
C295,Strict_position_out,P5,Local_deltaCP,LR_0.01,training_only_threshold,p5_r6_thn,1,0.4890026942629368,0.5607536195177041,0,-10
C295,Strict_position_out,P5,Local_deltaCP,LR_0.01,training_only_threshold,p5_r6_twd,1,0.4403413013102925,0.5607536195177041,0,-10
C295,Strict_position_out,P5,Local_deltaCP,LR_0.01,training_only_threshold,p5_r6_tye,1,0.4946184982793351,0.5607536195177041,0,-10
C295,Strict_position_out,P5,Local_deltaCP,LR_0.01,training_only_threshold,p5_r6_vfn,0,0.4801924774709341,0.5607536195177041,0,-10
C295,Strict_position_out,P6,Local_deltaCP,LR_0.01,fixed_0.5,p6_r7_qfw,0,0.5343502660741147,0.5,1,-10
C295,Strict_position_out,P6,Local_deltaCP,LR_0.01,fixed_0.5,p6_r7_qrw,1,0.2231342918184461,0.5,0,-10
C295,Strict_position_out,P6,Local_deltaCP,LR_0.01,fixed_0.5,p6_r7_trq,0,0.2963019989069361,0.5,0,-10
C295,Strict_position_out,P6,Local_deltaCP,LR_0.01,fixed_0.5,p6_r7_wfd,0,0.3796689119004437,0.5,0,-10
C295,Strict_position_out,P6,Local_deltaCP,LR_0.01,fixed_0.5,p6_r7_wfq,0,0.4492260407084524,0.5,0,-10
C295,Strict_position_out,P6,Local_deltaCP,LR_0.01,training_only_threshold,p6_r7_qfw,0,0.5343502660741147,0.4440740257879838,1,-10
C295,Strict_position_out,P6,Local_deltaCP,LR_0.01,training_only_threshold,p6_r7_qrw,1,0.2231342918184461,0.4440740257879838,0,-10
C295,Strict_position_out,P6,Local_deltaCP,LR_0.01,training_only_threshold,p6_r7_trq,0,0.2963019989069361,0.4440740257879838,0,-10
C295,Strict_position_out,P6,Local_deltaCP,LR_0.01,training_only_threshold,p6_r7_wfd,0,0.3796689119004437,0.4440740257879838,0,-10
C295,Strict_position_out,P6,Local_deltaCP,LR_0.01,training_only_threshold,p6_r7_wfq,0,0.4492260407084524,0.4440740257879838,1,-10
C295,Strict_position_out,P7,Local_deltaCP,LR_0.01,fixed_0.5,p4_r5_she_plus_p7_r5_she,0,0.6064007294066159,0.5,1,-10
C295,Strict_position_out,P7,Local_deltaCP,LR_0.01,fixed_0.5,p4_r5_sne_plus_p7_r5_sne,1,0.6350738099122298,0.5,1,-10
C295,Strict_position_out,P7,Local_deltaCP,LR_0.01,fixed_0.5,p4_r5_swd_plus_p7_r5_swd,1,0.0008898487628528,0.5,0,-10
C295,Strict_position_out,P7,Local_deltaCP,LR_0.01,fixed_0.5,p4_r5_the_plus_p7_r5_the,1,0.0096224288312507,0.5,0,-10
C295,Strict_position_out,P7,Local_deltaCP,LR_0.01,fixed_0.5,p7_r5_syvirr,0,0.0774095969510399,0.5,0,-10
C295,Strict_position_out,P7,Local_deltaCP,LR_0.01,training_only_threshold,p4_r5_she_plus_p7_r5_she,0,0.6064007294066159,0.5,1,-10
C295,Strict_position_out,P7,Local_deltaCP,LR_0.01,training_only_threshold,p4_r5_sne_plus_p7_r5_sne,1,0.6350738099122298,0.5,1,-10
C295,Strict_position_out,P7,Local_deltaCP,LR_0.01,training_only_threshold,p4_r5_swd_plus_p7_r5_swd,1,0.0008898487628528,0.5,0,-10
C295,Strict_position_out,P7,Local_deltaCP,LR_0.01,training_only_threshold,p4_r5_the_plus_p7_r5_the,1,0.0096224288312507,0.5,0,-10
C295,Strict_position_out,P7,Local_deltaCP,LR_0.01,training_only_threshold,p7_r5_syvirr,0,0.0774095969510399,0.5,0,-10
C295,Strict_position_out,P8,Local_deltaCP,LR_0.01,fixed_0.5,p8_r6_gve,0,0.3768134489583039,0.5,0,-10
C295,Strict_position_out,P8,Local_deltaCP,LR_0.01,training_only_threshold,p8_r6_gve,0,0.3768134489583039,0.4665624572841076,0,-10
