construct,C388_mean,C388_min,C388_max,n_replicates,work,zero_variant_record,threshold_discordant
P4-R5-ETD,0.0,0.0,0.0,2,0,True,False
P4-R5-SHE,0.616825,0.59567,0.63798,2,1,False,False
P4-R5-SHE+P7-R5-SHE,0.7531399999999999,0.75152,0.75476,2,1,False,False
P4-R5-SNE,0.7430950000000001,0.73555,0.75064,2,1,False,False
P4-R5-SNE+P7-R5-SNE,0.80335,0.78801,0.81869,2,1,False,False
P4-R5-SWD+P7-R5-SWD,0.518925,0.5012,0.53665,2,1,False,False
P4-R5-THE+P7-R5-THE,0.68814,0.67446,0.70182,2,1,False,False
P4-R5-YTH+P7-R5-YTH,0.0,0.0,0.0,2,0,True,False
P4-R5-YYE+P7-P5-YYE,0.08666499999999999,0.08336,0.08997,2,0,False,False
P5-R6-AYE,0.55629,0.53248,0.5801,2,1,False,False
P5-R6-DFE,0.32484,0.29646,0.35322,2,0,False,False
P5-R6-FWD,0.37332,0.35897,0.38767,2,0,False,False
P5-R6-LRD,0.23336,0.20374,0.26298,2,0,False,False
P5-R6-NYE,0.57387,0.54582,0.60192,2,1,False,False
P5-R6-SFE,0.6291599999999999,0.60986,0.64846,2,1,False,False
P5-R6-SWD,0.666435,0.63622,0.69665,2,1,False,False
P5-R6-SYQ,0.591215,0.58752,0.59491,2,1,False,False
P5-R6-THN,0.529215,0.52764,0.53079,2,1,False,False
P5-R6-TTE,0.348885,0.34065,0.35712,2,0,False,False
P5-R6-TWD,0.59784,0.55195,0.64373,2,1,False,False
P5-R6-TYE,0.44306,0.44241,0.44371,2,0,False,False
P5-R6-VFN,0.5554349999999999,0.54597,0.5649,2,1,False,False
P6-R7-MHQ,0.25329999999999997,0.25306,0.25354,2,0,False,False
P6-R7-QFW,0.67784,0.66714,0.68854,2,1,False,False
P6-R7-QRW,0.60431,0.58147,0.62715,2,1,False,False
P6-R7-TRQ,0.657745,0.64195,0.67354,2,1,False,False
P6-R7-WFD,0.70041,0.68645,0.71437,2,1,False,False
P6-R7-WFQ,0.651535,0.63402,0.66905,2,1,False,False
P7-R5-SYVIRR,0.79377,0.78625,0.80129,2,1,False,False
P8-R6-GVE,0.658565,0.64894,0.66819,2,1,False,False
PUF12-9,0.7256100000000001,0.72245,0.72877,2,1,False,False
