construct,mutation_group,mutations,C388_mean,C388_min,C388_max,work,zero_variant_record,old_RF_score,old_RF_prediction,new_CP3_LR_LOCO_score,new_CP3_LR_LOCO_prediction,new_CPstruct_LR_LOCO_score,new_CPstruct_LR_LOCO_prediction,new_CPstruct_LR_groupout_score,new_CPstruct_LR_groupout_prediction,nested_LOCO_score,nested_LOCO_prediction,nested_groupout_score,nested_groupout_prediction
P4-R5-SNE+P7-R5-SNE,P4+P7,Y161N;Y269N,0.80335,0.78801,0.81869,1,False,0.8407019123215894,1,0.300126209139404,0,0.392229653416289,0,0.308412919330653,0,0.392229653416289,0,0.308412919330653,0
P7-R5-SYVIRR,P7,E272R,0.79377,0.78625,0.80129,1,False,0.8640115218154093,1,0.5322669955625606,1,0.4591014921434232,0,0.4591014921434232,0,0.4591014921434232,0,0.4591014921434232,0
P4-R5-SHE+P7-R5-SHE,P4+P7,Y161H;Y269H,0.7531399999999999,0.75152,0.75476,1,False,0.8407019123215894,1,0.3420048426151141,0,0.4058024980584833,0,0.3244040088781018,0,0.4058024980584833,0,0.3244040088781018,0
P4-R5-SNE,P4,Y161N,0.7430950000000001,0.73555,0.75064,1,False,0.5828038530562332,1,0.584390995895068,1,0.7349060006960899,1,0.720689098936864,1,0.7349060006960899,1,0.720689098936864,1
PUF12-9,WT,,0.7256100000000001,0.72245,0.72877,1,False,0.7645888241307021,1,0.4959640969685813,0,0.5947204256231932,1,0.5947204256231932,1,0.6047322728401888,1,0.5947204256231932,1
P6-R7-WFD,P6,C232W;R233F;Q236D,0.70041,0.68645,0.71437,1,False,0.5678077401714696,1,0.5018483267286259,1,0.4611463227381127,0,0.4380850096576454,0,0.4611463227381127,0,0.3077567393487355,0
P4-R5-THE+P7-R5-THE,P4+P7,S160T;Y161H;S268T;Y269H,0.68814,0.67446,0.70182,1,False,0.3349693583401952,0,0.5345861440152133,1,0.4775808600786734,0,0.4464140150378665,0,0.4775808600786734,0,0.4464140150378665,0
P6-R7-QFW,P6,C232Q;R233F;Q236W,0.67784,0.66714,0.68854,1,False,0.0077030812324929,0,0.6442514867505069,1,0.6628334496698428,1,0.5507607729227564,1,0.6628334496698428,1,0.4506914216400661,0
P5-R6-SWD,P5,Y197W;E200D,0.666435,0.63622,0.69665,1,False,0.5945874596350129,1,0.5014906489801327,1,0.7145354604622334,1,0.7109815024996999,1,0.7145354604622334,1,0.5441021080764199,1
P8-R6-GVE,P8,S304G;Y305V,0.658565,0.64894,0.66819,1,False,0.766340780019738,1,0.5559169527717677,1,0.921385104793512,1,0.921385104793512,1,0.921385104793512,1,0.921385104793512,1
P6-R7-TRQ,P6,C232T,0.657745,0.64195,0.67354,1,False,0.8255157244793124,1,0.5551690598500008,1,0.6520829331560479,1,0.6114031915416962,1,0.6520829331560479,1,0.6288167533504789,1
P6-R7-WFQ,P6,C232W;R233F,0.651535,0.63402,0.66905,1,False,0.8155187382150986,1,0.5303926160401101,1,0.4820383220663953,0,0.4811709926543761,0,0.4820383220663953,0,0.5725239813734531,1
P5-R6-SFE,P5,Y197F,0.6291599999999999,0.60986,0.64846,1,False,0.3549725859264397,0,0.5649274249473643,1,0.6499916991917121,1,0.632983001892149,1,0.6499916991917121,1,0.6104907979924096,1
P4-R5-SHE,P4,Y161H,0.616825,0.59567,0.63798,1,False,0.8407019123215894,1,0.351061834317515,0,0.5819541341775519,1,0.5950183027160866,1,0.5819541341775519,1,0.5950183027160866,1
P6-R7-QRW,P6,C232Q;Q236W,0.60431,0.58147,0.62715,1,False,0.276523016704812,0,0.5823533070563099,1,0.6968125662819263,1,0.5964503902863738,1,0.6968125662819263,1,0.6553327159599399,1
P5-R6-TWD,P5,S196T;Y197W;E200D,0.59784,0.55195,0.64373,1,False,0.0297558201602319,0,0.6014224136450603,1,0.4032844119226576,0,0.541486407315274,1,0.4032844119226576,0,0.7158049297708197,1
P5-R6-SYQ,P5,E200Q,0.591215,0.58752,0.59491,1,False,0.7341518766994305,1,0.5385470979149752,1,0.5907609990070449,1,0.5951372414781583,1,0.5907609990070449,1,0.57088091779864,1
P5-R6-NYE,P5,S196N,0.57387,0.54582,0.60192,1,False,0.7667912050830832,1,0.4594069183366557,0,0.3434684089287309,0,0.3863552884722621,0,0.3434684089287309,0,0.475924978822217,0
P5-R6-AYE,P5,S196A,0.55629,0.53248,0.5801,1,False,0.0297558201602319,0,0.6251316742488443,1,0.7585719969017441,1,0.7350522484631447,1,0.7585719969017441,1,0.7080419475656213,1
P5-R6-VFN,P5,S196V;Y197F;E200N,0.5554349999999999,0.54597,0.5649,1,False,0.3340460410660715,0,0.5630393279516144,1,0.7301996826674956,1,0.7153348757460033,1,0.7301996826674956,1,0.6253142334109312,1
P5-R6-THN,P5,S196T;Y197H;E200N,0.529215,0.52764,0.53079,1,False,0.7529049576016343,1,0.4507919768842722,0,0.486291291240214,0,0.5667155703832774,1,0.486291291240214,0,0.4897456461383108,0
P4-R5-SWD+P7-R5-SWD,P4+P7,Y161W;E164D;Y269W;E272D,0.518925,0.5012,0.53665,1,False,0.7119176961196616,1,0.5271947669538003,1,0.4265424516742406,0,0.4339267876320211,0,0.4265424516742406,0,0.4339267876320211,0
P5-R6-TYE,P5,S196T,0.44306,0.44241,0.44371,0,False,0.7667912050830832,1,0.484234213394608,0,0.6014063086091875,1,0.5656675979521002,1,0.6014063086091875,1,0.5022128114442139,1
P5-R6-FWD,P5,S196F;Y197W;E200D,0.37332,0.35897,0.38767,0,False,0.7645888241307021,1,0.4694955218927142,0,0.3478942315026258,0,0.3897115518547303,0,0.4244119923148982,0,0.4959786037043602,0
P5-R6-TTE,P5,S196T;Y197T,0.348885,0.34065,0.35712,0,False,0.723922242785586,1,0.4509382612166009,0,0.3728411045894456,0,0.4401219389330768,0,0.48644921550471,0,0.4931173621701065,0
P5-R6-DFE,P5,S196D;Y197F,0.32484,0.29646,0.35322,0,False,0.7667912050830832,1,0.4279950370650235,0,0.5396746671005084,1,0.5392679877487079,1,0.5396746671005084,1,0.4491024141502952,0
P6-R7-MHQ,P6,C232M;R233H,0.2532999999999999,0.25306,0.25354,0,False,0.8407019123215894,1,0.3421480390999767,0,0.2919427320692176,0,0.3347543181157448,0,0.4888894449735972,0,0.2882227966029251,0
P5-R6-LRD,P5,S196L;Y197R;E200D,0.23336,0.20374,0.26298,0,False,0.0199641534935652,0,0.790490959092693,1,0.5703455133634461,1,0.4527465171540163,0,0.769985346395685,1,0.741525012680563,1
P4-R5-YYE+P7-P5-YYE,P4+P7,S160Y;S268Y,0.0866649999999999,0.08336,0.08997,0,False,0.7753687859345413,1,0.5251973105975438,1,0.4395607250607667,0,0.3914942007333,0,0.4395607250607667,0,0.3914942007333,0
P4-R5-YTH+P7-R5-YTH,P4+P7,S160Y;Y161T;E164H;S268Y;Y269T;E272H,0.0,0.0,0.0,0,True,0.8407019123215894,1,0.4013900741912642,0,0.137642813471477,0,0.1369942345156791,0,0.4013900741912642,0,0.1369942345156791,0
P4-R5-ETD,P4,S160E;Y161T;E164D,0.0,0.0,0.0,0,True,0.8477395319600154,1,0.4400091089374345,0,0.4215436152383795,0,0.4264228171460581,0,0.494791976508119,0,0.4264228171460581,0
