feature_id,block,reference_i,reference_j,P_i,P_j,source_R_i,source_R_j,repeat_internal_i,repeat_internal_j,sequence_separation,repeat_separation
PR:25:15,PR,25,15,0,0,0,0,0,0,-1,-1
PR:26:11,PR,26,11,0,0,0,0,0,0,-1,-1
PR:26:12,PR,26,12,0,0,0,0,0,0,-1,-1
PR:26:13,PR,26,13,0,0,0,0,0,0,-1,-1
PR:26:14,PR,26,14,0,0,0,0,0,0,-1,-1
PR:26:15,PR,26,15,0,0,0,0,0,0,-1,-1
PR:27:12,PR,27,12,0,0,0,0,0,0,-1,-1
PR:27:13,PR,27,13,0,0,0,0,0,0,-1,-1
PR:27:14,PR,27,14,0,0,0,0,0,0,-1,-1
PR:27:15,PR,27,15,0,0,0,0,0,0,-1,-1
PR:28:11,PR,28,11,0,0,0,0,0,0,-1,-1
PR:28:12,PR,28,12,0,0,0,0,0,0,-1,-1
PR:28:13,PR,28,13,0,0,0,0,0,0,-1,-1
PR:28:14,PR,28,14,0,0,0,0,0,0,-1,-1
PR:28:15,PR,28,15,0,0,0,0,0,0,-1,-1
PR:29:15,PR,29,15,0,0,0,0,0,0,-1,-1
PR:30:15,PR,30,15,0,0,0,0,0,0,-1,-1
PR:31:12,PR,31,12,0,0,0,0,0,0,-1,-1
PR:31:13,PR,31,13,0,0,0,0,0,0,-1,-1
PR:31:14,PR,31,14,0,0,0,0,0,0,-1,-1
PR:31:15,PR,31,15,0,0,0,0,0,0,-1,-1
PR:32:15,PR,32,15,0,0,0,0,0,0,-1,-1
PR:33:15,PR,33,15,0,0,0,0,0,0,-1,-1
PR:48:13,PR,48,13,1,0,1,0,8,0,-1,-1
PR:48:14,PR,48,14,1,0,1,0,8,0,-1,-1
PR:48:15,PR,48,15,1,0,1,0,8,0,-1,-1
PR:49:3,PR,49,3,1,0,1,0,9,0,-1,-1
PR:49:8,PR,49,8,1,0,1,0,9,0,-1,-1
PR:49:9,PR,49,9,1,0,1,0,9,0,-1,-1
PR:49:10,PR,49,10,1,0,1,0,9,0,-1,-1
PR:49:11,PR,49,11,1,0,1,0,9,0,-1,-1
PR:49:12,PR,49,12,1,0,1,0,9,0,-1,-1
PR:49:13,PR,49,13,1,0,1,0,9,0,-1,-1
PR:49:14,PR,49,14,1,0,1,0,9,0,-1,-1
PR:49:15,PR,49,15,1,0,1,0,9,0,-1,-1
PR:50:9,PR,50,9,1,0,1,0,10,0,-1,-1
PR:50:10,PR,50,10,1,0,1,0,10,0,-1,-1
PR:50:11,PR,50,11,1,0,1,0,10,0,-1,-1
PR:50:12,PR,50,12,1,0,1,0,10,0,-1,-1
PR:50:13,PR,50,13,1,0,1,0,10,0,-1,-1
PR:50:14,PR,50,14,1,0,1,0,10,0,-1,-1
PR:50:15,PR,50,15,1,0,1,0,10,0,-1,-1
PR:51:10,PR,51,10,1,0,1,0,11,0,-1,-1
PR:51:11,PR,51,11,1,0,1,0,11,0,-1,-1
PR:51:13,PR,51,13,1,0,1,0,11,0,-1,-1
PR:51:14,PR,51,14,1,0,1,0,11,0,-1,-1
PR:51:15,PR,51,15,1,0,1,0,11,0,-1,-1
PR:52:3,PR,52,3,1,0,1,0,12,0,-1,-1
PR:52:8,PR,52,8,1,0,1,0,12,0,-1,-1
PR:52:9,PR,52,9,1,0,1,0,12,0,-1,-1
PR:52:10,PR,52,10,1,0,1,0,12,0,-1,-1
PR:52:11,PR,52,11,1,0,1,0,12,0,-1,-1
PR:52:12,PR,52,12,1,0,1,0,12,0,-1,-1
PR:52:13,PR,52,13,1,0,1,0,12,0,-1,-1
PR:52:14,PR,52,14,1,0,1,0,12,0,-1,-1
PR:52:15,PR,52,15,1,0,1,0,12,0,-1,-1
PR:53:3,PR,53,3,1,0,1,0,13,0,-1,-1
PR:53:8,PR,53,8,1,0,1,0,13,0,-1,-1
PR:53:9,PR,53,9,1,0,1,0,13,0,-1,-1
PR:53:10,PR,53,10,1,0,1,0,13,0,-1,-1
PR:53:11,PR,53,11,1,0,1,0,13,0,-1,-1
PR:53:12,PR,53,12,1,0,1,0,13,0,-1,-1
PR:53:13,PR,53,13,1,0,1,0,13,0,-1,-1
PR:53:14,PR,53,14,1,0,1,0,13,0,-1,-1
PR:53:15,PR,53,15,1,0,1,0,13,0,-1,-1
PR:54:10,PR,54,10,1,0,1,0,14,0,-1,-1
PR:54:11,PR,54,11,1,0,1,0,14,0,-1,-1
PR:54:12,PR,54,12,1,0,1,0,14,0,-1,-1
PR:54:13,PR,54,13,1,0,1,0,14,0,-1,-1
PR:54:14,PR,54,14,1,0,1,0,14,0,-1,-1
PR:54:15,PR,54,15,1,0,1,0,14,0,-1,-1
PR:56:3,PR,56,3,1,0,1,0,16,0,-1,-1
PR:56:8,PR,56,8,1,0,1,0,16,0,-1,-1
PR:56:9,PR,56,9,1,0,1,0,16,0,-1,-1
PR:56:10,PR,56,10,1,0,1,0,16,0,-1,-1
PR:56:11,PR,56,11,1,0,1,0,16,0,-1,-1
PR:56:12,PR,56,12,1,0,1,0,16,0,-1,-1
PR:56:13,PR,56,13,1,0,1,0,16,0,-1,-1
PR:56:14,PR,56,14,1,0,1,0,16,0,-1,-1
PR:56:15,PR,56,15,1,0,1,0,16,0,-1,-1
PR:57:10,PR,57,10,1,0,1,0,17,0,-1,-1
PR:57:11,PR,57,11,1,0,1,0,17,0,-1,-1
PR:57:12,PR,57,12,1,0,1,0,17,0,-1,-1
PR:57:13,PR,57,13,1,0,1,0,17,0,-1,-1
PR:57:14,PR,57,14,1,0,1,0,17,0,-1,-1
PR:57:15,PR,57,15,1,0,1,0,17,0,-1,-1
PR:58:15,PR,58,15,1,0,1,0,18,0,-1,-1
PR:60:14,PR,60,14,1,0,1,0,20,0,-1,-1
PR:60:15,PR,60,15,1,0,1,0,20,0,-1,-1
PR:61:15,PR,61,15,1,0,1,0,21,0,-1,-1
PR:85:3,PR,85,3,2,0,2,0,9,0,-1,-1
PR:85:4,PR,85,4,2,0,2,0,9,0,-1,-1
PR:85:7,PR,85,7,2,0,2,0,9,0,-1,-1
PR:85:8,PR,85,8,2,0,2,0,9,0,-1,-1
PR:85:9,PR,85,9,2,0,2,0,9,0,-1,-1
PR:85:10,PR,85,10,2,0,2,0,9,0,-1,-1
PR:85:11,PR,85,11,2,0,2,0,9,0,-1,-1
PR:85:12,PR,85,12,2,0,2,0,9,0,-1,-1
PR:85:13,PR,85,13,2,0,2,0,9,0,-1,-1
PR:85:14,PR,85,14,2,0,2,0,9,0,-1,-1
PR:85:15,PR,85,15,2,0,2,0,9,0,-1,-1
PR:86:3,PR,86,3,2,0,2,0,10,0,-1,-1
PR:86:8,PR,86,8,2,0,2,0,10,0,-1,-1
PR:86:9,PR,86,9,2,0,2,0,10,0,-1,-1
PR:86:10,PR,86,10,2,0,2,0,10,0,-1,-1
PR:86:11,PR,86,11,2,0,2,0,10,0,-1,-1
PR:86:12,PR,86,12,2,0,2,0,10,0,-1,-1
PR:86:13,PR,86,13,2,0,2,0,10,0,-1,-1
PR:86:14,PR,86,14,2,0,2,0,10,0,-1,-1
PR:86:15,PR,86,15,2,0,2,0,10,0,-1,-1
PR:87:3,PR,87,3,2,0,2,0,11,0,-1,-1
PR:87:9,PR,87,9,2,0,2,0,11,0,-1,-1
PR:87:12,PR,87,12,2,0,2,0,11,0,-1,-1
PR:87:13,PR,87,13,2,0,2,0,11,0,-1,-1
PR:87:15,PR,87,15,2,0,2,0,11,0,-1,-1
PR:88:3,PR,88,3,2,0,2,0,12,0,-1,-1
PR:88:8,PR,88,8,2,0,2,0,12,0,-1,-1
PR:88:9,PR,88,9,2,0,2,0,12,0,-1,-1
PR:88:11,PR,88,11,2,0,2,0,12,0,-1,-1
PR:88:12,PR,88,12,2,0,2,0,12,0,-1,-1
PR:88:13,PR,88,13,2,0,2,0,12,0,-1,-1
PR:88:14,PR,88,14,2,0,2,0,12,0,-1,-1
PR:88:15,PR,88,15,2,0,2,0,12,0,-1,-1
PR:89:3,PR,89,3,2,0,2,0,13,0,-1,-1
PR:89:4,PR,89,4,2,0,2,0,13,0,-1,-1
PR:89:5,PR,89,5,2,0,2,0,13,0,-1,-1
PR:89:6,PR,89,6,2,0,2,0,13,0,-1,-1
PR:89:7,PR,89,7,2,0,2,0,13,0,-1,-1
PR:89:8,PR,89,8,2,0,2,0,13,0,-1,-1
PR:89:9,PR,89,9,2,0,2,0,13,0,-1,-1
PR:89:10,PR,89,10,2,0,2,0,13,0,-1,-1
PR:89:11,PR,89,11,2,0,2,0,13,0,-1,-1
PR:89:12,PR,89,12,2,0,2,0,13,0,-1,-1
PR:89:13,PR,89,13,2,0,2,0,13,0,-1,-1
PR:89:14,PR,89,14,2,0,2,0,13,0,-1,-1
PR:89:15,PR,89,15,2,0,2,0,13,0,-1,-1
PR:92:3,PR,92,3,2,0,2,0,16,0,-1,-1
PR:92:8,PR,92,8,2,0,2,0,16,0,-1,-1
PR:92:11,PR,92,11,2,0,2,0,16,0,-1,-1
PR:92:12,PR,92,12,2,0,2,0,16,0,-1,-1
PR:92:13,PR,92,13,2,0,2,0,16,0,-1,-1
PR:92:14,PR,92,14,2,0,2,0,16,0,-1,-1
PR:93:13,PR,93,13,2,0,2,0,17,0,-1,-1
PR:121:3,PR,121,3,3,0,3,0,9,0,-1,-1
PR:121:4,PR,121,4,3,0,3,0,9,0,-1,-1
PR:121:7,PR,121,7,3,0,3,0,9,0,-1,-1
PR:121:8,PR,121,8,3,0,3,0,9,0,-1,-1
PR:121:9,PR,121,9,3,0,3,0,9,0,-1,-1
PR:121:10,PR,121,10,3,0,3,0,9,0,-1,-1
PR:121:11,PR,121,11,3,0,3,0,9,0,-1,-1
PR:121:12,PR,121,12,3,0,3,0,9,0,-1,-1
PR:121:13,PR,121,13,3,0,3,0,9,0,-1,-1
PR:121:14,PR,121,14,3,0,3,0,9,0,-1,-1
PR:121:15,PR,121,15,3,0,3,0,9,0,-1,-1
PR:122:3,PR,122,3,3,0,3,0,10,0,-1,-1
PR:122:4,PR,122,4,3,0,3,0,10,0,-1,-1
PR:122:7,PR,122,7,3,0,3,0,10,0,-1,-1
PR:122:8,PR,122,8,3,0,3,0,10,0,-1,-1
PR:122:9,PR,122,9,3,0,3,0,10,0,-1,-1
PR:122:10,PR,122,10,3,0,3,0,10,0,-1,-1
PR:122:11,PR,122,11,3,0,3,0,10,0,-1,-1
PR:122:12,PR,122,12,3,0,3,0,10,0,-1,-1
PR:122:13,PR,122,13,3,0,3,0,10,0,-1,-1
PR:122:14,PR,122,14,3,0,3,0,10,0,-1,-1
PR:122:15,PR,122,15,3,0,3,0,10,0,-1,-1
PR:123:3,PR,123,3,3,0,3,0,11,0,-1,-1
PR:123:10,PR,123,10,3,0,3,0,11,0,-1,-1
PR:123:11,PR,123,11,3,0,3,0,11,0,-1,-1
PR:124:3,PR,124,3,3,0,3,0,12,0,-1,-1
PR:124:4,PR,124,4,3,0,3,0,12,0,-1,-1
PR:124:7,PR,124,7,3,0,3,0,12,0,-1,-1
PR:124:8,PR,124,8,3,0,3,0,12,0,-1,-1
PR:124:9,PR,124,9,3,0,3,0,12,0,-1,-1
PR:124:10,PR,124,10,3,0,3,0,12,0,-1,-1
PR:124:11,PR,124,11,3,0,3,0,12,0,-1,-1
PR:124:12,PR,124,12,3,0,3,0,12,0,-1,-1
PR:124:13,PR,124,13,3,0,3,0,12,0,-1,-1
PR:124:14,PR,124,14,3,0,3,0,12,0,-1,-1
PR:124:15,PR,124,15,3,0,3,0,12,0,-1,-1
PR:125:3,PR,125,3,3,0,3,0,13,0,-1,-1
PR:125:4,PR,125,4,3,0,3,0,13,0,-1,-1
PR:125:5,PR,125,5,3,0,3,0,13,0,-1,-1
PR:125:6,PR,125,6,3,0,3,0,13,0,-1,-1
PR:125:7,PR,125,7,3,0,3,0,13,0,-1,-1
PR:125:8,PR,125,8,3,0,3,0,13,0,-1,-1
PR:125:9,PR,125,9,3,0,3,0,13,0,-1,-1
PR:125:10,PR,125,10,3,0,3,0,13,0,-1,-1
PR:125:11,PR,125,11,3,0,3,0,13,0,-1,-1
PR:125:12,PR,125,12,3,0,3,0,13,0,-1,-1
PR:125:13,PR,125,13,3,0,3,0,13,0,-1,-1
PR:125:14,PR,125,14,3,0,3,0,13,0,-1,-1
PR:125:15,PR,125,15,3,0,3,0,13,0,-1,-1
PR:126:11,PR,126,11,3,0,3,0,14,0,-1,-1
PR:128:3,PR,128,3,3,0,3,0,16,0,-1,-1
PR:128:4,PR,128,4,3,0,3,0,16,0,-1,-1
PR:128:7,PR,128,7,3,0,3,0,16,0,-1,-1
PR:128:8,PR,128,8,3,0,3,0,16,0,-1,-1
PR:128:9,PR,128,9,3,0,3,0,16,0,-1,-1
PR:128:10,PR,128,10,3,0,3,0,16,0,-1,-1
PR:128:11,PR,128,11,3,0,3,0,16,0,-1,-1
PR:128:12,PR,128,12,3,0,3,0,16,0,-1,-1
PR:128:13,PR,128,13,3,0,3,0,16,0,-1,-1
PR:128:14,PR,128,14,3,0,3,0,16,0,-1,-1
PR:128:15,PR,128,15,3,0,3,0,16,0,-1,-1
PR:129:11,PR,129,11,3,0,3,0,17,0,-1,-1
PR:157:3,PR,157,3,4,0,5,0,9,0,-1,-1
PR:157:4,PR,157,4,4,0,5,0,9,0,-1,-1
PR:157:5,PR,157,5,4,0,5,0,9,0,-1,-1
PR:157:6,PR,157,6,4,0,5,0,9,0,-1,-1
PR:157:7,PR,157,7,4,0,5,0,9,0,-1,-1
PR:157:8,PR,157,8,4,0,5,0,9,0,-1,-1
PR:157:9,PR,157,9,4,0,5,0,9,0,-1,-1
PR:157:10,PR,157,10,4,0,5,0,9,0,-1,-1
PR:157:12,PR,157,12,4,0,5,0,9,0,-1,-1
PR:157:13,PR,157,13,4,0,5,0,9,0,-1,-1
PR:157:14,PR,157,14,4,0,5,0,9,0,-1,-1
PR:157:15,PR,157,15,4,0,5,0,9,0,-1,-1
PR:158:3,PR,158,3,4,0,5,0,10,0,-1,-1
PR:158:4,PR,158,4,4,0,5,0,10,0,-1,-1
PR:158:6,PR,158,6,4,0,5,0,10,0,-1,-1
PR:158:7,PR,158,7,4,0,5,0,10,0,-1,-1
PR:158:8,PR,158,8,4,0,5,0,10,0,-1,-1
PR:158:9,PR,158,9,4,0,5,0,10,0,-1,-1
PR:158:10,PR,158,10,4,0,5,0,10,0,-1,-1
PR:158:11,PR,158,11,4,0,5,0,10,0,-1,-1
PR:158:13,PR,158,13,4,0,5,0,10,0,-1,-1
PR:158:14,PR,158,14,4,0,5,0,10,0,-1,-1
PR:158:15,PR,158,15,4,0,5,0,10,0,-1,-1
PR:159:3,PR,159,3,4,0,5,0,11,0,-1,-1
PR:159:4,PR,159,4,4,0,5,0,11,0,-1,-1
PR:159:10,PR,159,10,4,0,5,0,11,0,-1,-1
PR:159:13,PR,159,13,4,0,5,0,11,0,-1,-1
PR:159:15,PR,159,15,4,0,5,0,11,0,-1,-1
PR:160:3,PR,160,3,4,0,5,0,12,0,-1,-1
PR:160:4,PR,160,4,4,0,5,0,12,0,-1,-1
PR:160:5,PR,160,5,4,0,5,0,12,0,-1,-1
PR:160:6,PR,160,6,4,0,5,0,12,0,-1,-1
PR:160:7,PR,160,7,4,0,5,0,12,0,-1,-1
PR:160:8,PR,160,8,4,0,5,0,12,0,-1,-1
PR:160:9,PR,160,9,4,0,5,0,12,0,-1,-1
PR:160:10,PR,160,10,4,0,5,0,12,0,-1,-1
PR:160:12,PR,160,12,4,0,5,0,12,0,-1,-1
PR:160:13,PR,160,13,4,0,5,0,12,0,-1,-1
PR:160:14,PR,160,14,4,0,5,0,12,0,-1,-1
PR:160:15,PR,160,15,4,0,5,0,12,0,-1,-1
PR:161:3,PR,161,3,4,0,5,0,13,0,-1,-1
PR:161:4,PR,161,4,4,0,5,0,13,0,-1,-1
PR:161:5,PR,161,5,4,0,5,0,13,0,-1,-1
PR:161:6,PR,161,6,4,0,5,0,13,0,-1,-1
PR:161:7,PR,161,7,4,0,5,0,13,0,-1,-1
PR:161:8,PR,161,8,4,0,5,0,13,0,-1,-1
PR:161:9,PR,161,9,4,0,5,0,13,0,-1,-1
PR:161:10,PR,161,10,4,0,5,0,13,0,-1,-1
PR:161:11,PR,161,11,4,0,5,0,13,0,-1,-1
PR:161:12,PR,161,12,4,0,5,0,13,0,-1,-1
PR:161:13,PR,161,13,4,0,5,0,13,0,-1,-1
PR:161:14,PR,161,14,4,0,5,0,13,0,-1,-1
PR:161:15,PR,161,15,4,0,5,0,13,0,-1,-1
PR:162:3,PR,162,3,4,0,5,0,14,0,-1,-1
PR:162:4,PR,162,4,4,0,5,0,14,0,-1,-1
PR:162:13,PR,162,13,4,0,5,0,14,0,-1,-1
PR:162:15,PR,162,15,4,0,5,0,14,0,-1,-1
PR:164:3,PR,164,3,4,0,5,0,16,0,-1,-1
PR:164:4,PR,164,4,4,0,5,0,16,0,-1,-1
PR:164:5,PR,164,5,4,0,5,0,16,0,-1,-1
PR:164:6,PR,164,6,4,0,5,0,16,0,-1,-1
PR:164:8,PR,164,8,4,0,5,0,16,0,-1,-1
PR:164:9,PR,164,9,4,0,5,0,16,0,-1,-1
PR:164:10,PR,164,10,4,0,5,0,16,0,-1,-1
PR:164:12,PR,164,12,4,0,5,0,16,0,-1,-1
PR:164:13,PR,164,13,4,0,5,0,16,0,-1,-1
PR:164:14,PR,164,14,4,0,5,0,16,0,-1,-1
PR:164:15,PR,164,15,4,0,5,0,16,0,-1,-1
PR:165:3,PR,165,3,4,0,5,0,17,0,-1,-1
PR:165:4,PR,165,4,4,0,5,0,17,0,-1,-1
PR:165:15,PR,165,15,4,0,5,0,17,0,-1,-1
PR:193:3,PR,193,3,5,0,6,0,9,0,-1,-1
PR:193:4,PR,193,4,5,0,6,0,9,0,-1,-1
PR:193:5,PR,193,5,5,0,6,0,9,0,-1,-1
PR:193:6,PR,193,6,5,0,6,0,9,0,-1,-1
PR:193:8,PR,193,8,5,0,6,0,9,0,-1,-1
PR:193:9,PR,193,9,5,0,6,0,9,0,-1,-1
PR:193:11,PR,193,11,5,0,6,0,9,0,-1,-1
PR:193:12,PR,193,12,5,0,6,0,9,0,-1,-1
PR:193:13,PR,193,13,5,0,6,0,9,0,-1,-1
PR:193:14,PR,193,14,5,0,6,0,9,0,-1,-1
PR:194:3,PR,194,3,5,0,6,0,10,0,-1,-1
PR:194:4,PR,194,4,5,0,6,0,10,0,-1,-1
PR:194:5,PR,194,5,5,0,6,0,10,0,-1,-1
PR:194:6,PR,194,6,5,0,6,0,10,0,-1,-1
PR:194:8,PR,194,8,5,0,6,0,10,0,-1,-1
PR:194:9,PR,194,9,5,0,6,0,10,0,-1,-1
PR:194:10,PR,194,10,5,0,6,0,10,0,-1,-1
PR:194:11,PR,194,11,5,0,6,0,10,0,-1,-1
PR:194:12,PR,194,12,5,0,6,0,10,0,-1,-1
PR:194:13,PR,194,13,5,0,6,0,10,0,-1,-1
PR:194:14,PR,194,14,5,0,6,0,10,0,-1,-1
PR:196:3,PR,196,3,5,0,6,0,12,0,-1,-1
PR:196:4,PR,196,4,5,0,6,0,12,0,-1,-1
PR:196:5,PR,196,5,5,0,6,0,12,0,-1,-1
PR:196:6,PR,196,6,5,0,6,0,12,0,-1,-1
PR:196:8,PR,196,8,5,0,6,0,12,0,-1,-1
PR:196:9,PR,196,9,5,0,6,0,12,0,-1,-1
PR:196:11,PR,196,11,5,0,6,0,12,0,-1,-1
PR:196:12,PR,196,12,5,0,6,0,12,0,-1,-1
PR:196:13,PR,196,13,5,0,6,0,12,0,-1,-1
PR:196:14,PR,196,14,5,0,6,0,12,0,-1,-1
PR:197:3,PR,197,3,5,0,6,0,13,0,-1,-1
PR:197:4,PR,197,4,5,0,6,0,13,0,-1,-1
PR:197:5,PR,197,5,5,0,6,0,13,0,-1,-1
PR:197:6,PR,197,6,5,0,6,0,13,0,-1,-1
PR:197:7,PR,197,7,5,0,6,0,13,0,-1,-1
PR:197:8,PR,197,8,5,0,6,0,13,0,-1,-1
PR:197:9,PR,197,9,5,0,6,0,13,0,-1,-1
PR:197:10,PR,197,10,5,0,6,0,13,0,-1,-1
PR:197:11,PR,197,11,5,0,6,0,13,0,-1,-1
PR:197:12,PR,197,12,5,0,6,0,13,0,-1,-1
PR:197:13,PR,197,13,5,0,6,0,13,0,-1,-1
PR:197:14,PR,197,14,5,0,6,0,13,0,-1,-1
PR:197:15,PR,197,15,5,0,6,0,13,0,-1,-1
PR:198:9,PR,198,9,5,0,6,0,14,0,-1,-1
PR:200:3,PR,200,3,5,0,6,0,16,0,-1,-1
PR:200:4,PR,200,4,5,0,6,0,16,0,-1,-1
PR:200:5,PR,200,5,5,0,6,0,16,0,-1,-1
PR:200:6,PR,200,6,5,0,6,0,16,0,-1,-1
PR:200:7,PR,200,7,5,0,6,0,16,0,-1,-1
PR:200:8,PR,200,8,5,0,6,0,16,0,-1,-1
PR:200:9,PR,200,9,5,0,6,0,16,0,-1,-1
PR:200:11,PR,200,11,5,0,6,0,16,0,-1,-1
PR:200:12,PR,200,12,5,0,6,0,16,0,-1,-1
PR:200:13,PR,200,13,5,0,6,0,16,0,-1,-1
PR:200:14,PR,200,14,5,0,6,0,16,0,-1,-1
PR:200:15,PR,200,15,5,0,6,0,16,0,-1,-1
PR:201:5,PR,201,5,5,0,6,0,17,0,-1,-1
PR:201:13,PR,201,13,5,0,6,0,17,0,-1,-1
PR:201:14,PR,201,14,5,0,6,0,17,0,-1,-1
PR:229:3,PR,229,3,6,0,7,0,9,0,-1,-1
PR:229:4,PR,229,4,6,0,7,0,9,0,-1,-1
PR:229:5,PR,229,5,6,0,7,0,9,0,-1,-1
PR:229:6,PR,229,6,6,0,7,0,9,0,-1,-1
PR:229:7,PR,229,7,6,0,7,0,9,0,-1,-1
PR:229:8,PR,229,8,6,0,7,0,9,0,-1,-1
PR:229:9,PR,229,9,6,0,7,0,9,0,-1,-1
PR:229:11,PR,229,11,6,0,7,0,9,0,-1,-1
PR:229:12,PR,229,12,6,0,7,0,9,0,-1,-1
PR:229:13,PR,229,13,6,0,7,0,9,0,-1,-1
PR:229:14,PR,229,14,6,0,7,0,9,0,-1,-1
PR:230:3,PR,230,3,6,0,7,0,10,0,-1,-1
PR:230:4,PR,230,4,6,0,7,0,10,0,-1,-1
PR:230:5,PR,230,5,6,0,7,0,10,0,-1,-1
PR:230:6,PR,230,6,6,0,7,0,10,0,-1,-1
PR:230:7,PR,230,7,6,0,7,0,10,0,-1,-1
PR:230:8,PR,230,8,6,0,7,0,10,0,-1,-1
PR:230:9,PR,230,9,6,0,7,0,10,0,-1,-1
PR:230:11,PR,230,11,6,0,7,0,10,0,-1,-1
PR:230:12,PR,230,12,6,0,7,0,10,0,-1,-1
PR:230:13,PR,230,13,6,0,7,0,10,0,-1,-1
PR:230:14,PR,230,14,6,0,7,0,10,0,-1,-1
PR:232:3,PR,232,3,6,0,7,0,12,0,-1,-1
PR:232:4,PR,232,4,6,0,7,0,12,0,-1,-1
PR:232:5,PR,232,5,6,0,7,0,12,0,-1,-1
PR:232:6,PR,232,6,6,0,7,0,12,0,-1,-1
PR:232:7,PR,232,7,6,0,7,0,12,0,-1,-1
PR:232:8,PR,232,8,6,0,7,0,12,0,-1,-1
PR:232:10,PR,232,10,6,0,7,0,12,0,-1,-1
PR:232:11,PR,232,11,6,0,7,0,12,0,-1,-1
PR:232:12,PR,232,12,6,0,7,0,12,0,-1,-1
PR:232:13,PR,232,13,6,0,7,0,12,0,-1,-1
PR:232:14,PR,232,14,6,0,7,0,12,0,-1,-1
PR:233:3,PR,233,3,6,0,7,0,13,0,-1,-1
PR:233:4,PR,233,4,6,0,7,0,13,0,-1,-1
PR:233:5,PR,233,5,6,0,7,0,13,0,-1,-1
PR:233:6,PR,233,6,6,0,7,0,13,0,-1,-1
PR:233:7,PR,233,7,6,0,7,0,13,0,-1,-1
PR:233:8,PR,233,8,6,0,7,0,13,0,-1,-1
PR:233:9,PR,233,9,6,0,7,0,13,0,-1,-1
PR:233:10,PR,233,10,6,0,7,0,13,0,-1,-1
PR:233:11,PR,233,11,6,0,7,0,13,0,-1,-1
PR:233:12,PR,233,12,6,0,7,0,13,0,-1,-1
PR:233:13,PR,233,13,6,0,7,0,13,0,-1,-1
PR:233:14,PR,233,14,6,0,7,0,13,0,-1,-1
PR:233:15,PR,233,15,6,0,7,0,13,0,-1,-1
PR:234:11,PR,234,11,6,0,7,0,14,0,-1,-1
PR:236:3,PR,236,3,6,0,7,0,16,0,-1,-1
PR:236:4,PR,236,4,6,0,7,0,16,0,-1,-1
PR:236:5,PR,236,5,6,0,7,0,16,0,-1,-1
PR:236:6,PR,236,6,6,0,7,0,16,0,-1,-1
PR:236:7,PR,236,7,6,0,7,0,16,0,-1,-1
PR:236:8,PR,236,8,6,0,7,0,16,0,-1,-1
PR:236:9,PR,236,9,6,0,7,0,16,0,-1,-1
PR:236:10,PR,236,10,6,0,7,0,16,0,-1,-1
PR:236:11,PR,236,11,6,0,7,0,16,0,-1,-1
PR:236:12,PR,236,12,6,0,7,0,16,0,-1,-1
PR:236:13,PR,236,13,6,0,7,0,16,0,-1,-1
PR:265:3,PR,265,3,7,0,5,0,9,0,-1,-1
PR:265:4,PR,265,4,7,0,5,0,9,0,-1,-1
PR:265:5,PR,265,5,7,0,5,0,9,0,-1,-1
PR:265:6,PR,265,6,7,0,5,0,9,0,-1,-1
PR:265:7,PR,265,7,7,0,5,0,9,0,-1,-1
PR:265:8,PR,265,8,7,0,5,0,9,0,-1,-1
PR:265:9,PR,265,9,7,0,5,0,9,0,-1,-1
PR:265:10,PR,265,10,7,0,5,0,9,0,-1,-1
PR:265:11,PR,265,11,7,0,5,0,9,0,-1,-1
PR:265:12,PR,265,12,7,0,5,0,9,0,-1,-1
PR:265:14,PR,265,14,7,0,5,0,9,0,-1,-1
PR:266:3,PR,266,3,7,0,5,0,10,0,-1,-1
PR:266:4,PR,266,4,7,0,5,0,10,0,-1,-1
PR:266:5,PR,266,5,7,0,5,0,10,0,-1,-1
PR:266:6,PR,266,6,7,0,5,0,10,0,-1,-1
PR:266:7,PR,266,7,7,0,5,0,10,0,-1,-1
PR:266:8,PR,266,8,7,0,5,0,10,0,-1,-1
PR:266:10,PR,266,10,7,0,5,0,10,0,-1,-1
PR:266:11,PR,266,11,7,0,5,0,10,0,-1,-1
PR:266:12,PR,266,12,7,0,5,0,10,0,-1,-1
PR:266:13,PR,266,13,7,0,5,0,10,0,-1,-1
PR:266:14,PR,266,14,7,0,5,0,10,0,-1,-1
PR:267:3,PR,267,3,7,0,5,0,11,0,-1,-1
PR:267:4,PR,267,4,7,0,5,0,11,0,-1,-1
PR:268:3,PR,268,3,7,0,5,0,12,0,-1,-1
PR:268:4,PR,268,4,7,0,5,0,12,0,-1,-1
PR:268:5,PR,268,5,7,0,5,0,12,0,-1,-1
PR:268:6,PR,268,6,7,0,5,0,12,0,-1,-1
PR:268:7,PR,268,7,7,0,5,0,12,0,-1,-1
PR:268:8,PR,268,8,7,0,5,0,12,0,-1,-1
PR:268:9,PR,268,9,7,0,5,0,12,0,-1,-1
PR:268:10,PR,268,10,7,0,5,0,12,0,-1,-1
PR:268:11,PR,268,11,7,0,5,0,12,0,-1,-1
PR:268:12,PR,268,12,7,0,5,0,12,0,-1,-1
PR:268:14,PR,268,14,7,0,5,0,12,0,-1,-1
PR:269:3,PR,269,3,7,0,5,0,13,0,-1,-1
PR:269:4,PR,269,4,7,0,5,0,13,0,-1,-1
PR:269:5,PR,269,5,7,0,5,0,13,0,-1,-1
PR:269:6,PR,269,6,7,0,5,0,13,0,-1,-1
PR:269:7,PR,269,7,7,0,5,0,13,0,-1,-1
PR:269:8,PR,269,8,7,0,5,0,13,0,-1,-1
PR:269:9,PR,269,9,7,0,5,0,13,0,-1,-1
PR:269:10,PR,269,10,7,0,5,0,13,0,-1,-1
PR:269:11,PR,269,11,7,0,5,0,13,0,-1,-1
PR:269:12,PR,269,12,7,0,5,0,13,0,-1,-1
PR:269:13,PR,269,13,7,0,5,0,13,0,-1,-1
PR:269:14,PR,269,14,7,0,5,0,13,0,-1,-1
PR:269:15,PR,269,15,7,0,5,0,13,0,-1,-1
PR:270:4,PR,270,4,7,0,5,0,14,0,-1,-1
PR:272:3,PR,272,3,7,0,5,0,16,0,-1,-1
PR:272:4,PR,272,4,7,0,5,0,16,0,-1,-1
PR:272:5,PR,272,5,7,0,5,0,16,0,-1,-1
PR:272:6,PR,272,6,7,0,5,0,16,0,-1,-1
PR:272:8,PR,272,8,7,0,5,0,16,0,-1,-1
PR:272:9,PR,272,9,7,0,5,0,16,0,-1,-1
PR:272:10,PR,272,10,7,0,5,0,16,0,-1,-1
PR:272:11,PR,272,11,7,0,5,0,16,0,-1,-1
PR:272:12,PR,272,12,7,0,5,0,16,0,-1,-1
PR:272:14,PR,272,14,7,0,5,0,16,0,-1,-1
PR:273:3,PR,273,3,7,0,5,0,17,0,-1,-1
PR:301:3,PR,301,3,8,0,6,0,9,0,-1,-1
PR:301:4,PR,301,4,8,0,6,0,9,0,-1,-1
PR:301:5,PR,301,5,8,0,6,0,9,0,-1,-1
PR:301:6,PR,301,6,8,0,6,0,9,0,-1,-1
PR:301:8,PR,301,8,8,0,6,0,9,0,-1,-1
PR:301:9,PR,301,9,8,0,6,0,9,0,-1,-1
PR:301:10,PR,301,10,8,0,6,0,9,0,-1,-1
PR:301:12,PR,301,12,8,0,6,0,9,0,-1,-1
PR:301:14,PR,301,14,8,0,6,0,9,0,-1,-1
PR:302:3,PR,302,3,8,0,6,0,10,0,-1,-1
PR:302:5,PR,302,5,8,0,6,0,10,0,-1,-1
PR:302:6,PR,302,6,8,0,6,0,10,0,-1,-1
PR:302:8,PR,302,8,8,0,6,0,10,0,-1,-1
PR:302:9,PR,302,9,8,0,6,0,10,0,-1,-1
PR:302:10,PR,302,10,8,0,6,0,10,0,-1,-1
PR:302:14,PR,302,14,8,0,6,0,10,0,-1,-1
PR:303:3,PR,303,3,8,0,6,0,11,0,-1,-1
PR:304:3,PR,304,3,8,0,6,0,12,0,-1,-1
PR:304:4,PR,304,4,8,0,6,0,12,0,-1,-1
PR:304:5,PR,304,5,8,0,6,0,12,0,-1,-1
PR:304:6,PR,304,6,8,0,6,0,12,0,-1,-1
PR:304:8,PR,304,8,8,0,6,0,12,0,-1,-1
PR:304:9,PR,304,9,8,0,6,0,12,0,-1,-1
PR:304:12,PR,304,12,8,0,6,0,12,0,-1,-1
PR:304:14,PR,304,14,8,0,6,0,12,0,-1,-1
PR:305:3,PR,305,3,8,0,6,0,13,0,-1,-1
PR:305:4,PR,305,4,8,0,6,0,13,0,-1,-1
PR:305:5,PR,305,5,8,0,6,0,13,0,-1,-1
PR:305:6,PR,305,6,8,0,6,0,13,0,-1,-1
PR:305:7,PR,305,7,8,0,6,0,13,0,-1,-1
PR:305:8,PR,305,8,8,0,6,0,13,0,-1,-1
PR:305:9,PR,305,9,8,0,6,0,13,0,-1,-1
PR:305:10,PR,305,10,8,0,6,0,13,0,-1,-1
PR:305:11,PR,305,11,8,0,6,0,13,0,-1,-1
PR:305:12,PR,305,12,8,0,6,0,13,0,-1,-1
PR:305:13,PR,305,13,8,0,6,0,13,0,-1,-1
PR:305:14,PR,305,14,8,0,6,0,13,0,-1,-1
PR:305:15,PR,305,15,8,0,6,0,13,0,-1,-1
PR:306:3,PR,306,3,8,0,6,0,14,0,-1,-1
PR:306:6,PR,306,6,8,0,6,0,14,0,-1,-1
PR:308:3,PR,308,3,8,0,6,0,16,0,-1,-1
PR:308:4,PR,308,4,8,0,6,0,16,0,-1,-1
PR:308:5,PR,308,5,8,0,6,0,16,0,-1,-1
PR:308:6,PR,308,6,8,0,6,0,16,0,-1,-1
PR:308:8,PR,308,8,8,0,6,0,16,0,-1,-1
PR:308:9,PR,308,9,8,0,6,0,16,0,-1,-1
PR:308:12,PR,308,12,8,0,6,0,16,0,-1,-1
PR:308:14,PR,308,14,8,0,6,0,16,0,-1,-1
PR:309:3,PR,309,3,8,0,6,0,17,0,-1,-1
PR:337:3,PR,337,3,9,0,7,0,9,0,-1,-1
PR:337:4,PR,337,4,9,0,7,0,9,0,-1,-1
PR:337:5,PR,337,5,9,0,7,0,9,0,-1,-1
PR:337:6,PR,337,6,9,0,7,0,9,0,-1,-1
PR:337:7,PR,337,7,9,0,7,0,9,0,-1,-1
PR:337:8,PR,337,8,9,0,7,0,9,0,-1,-1
PR:337:9,PR,337,9,9,0,7,0,9,0,-1,-1
PR:337:10,PR,337,10,9,0,7,0,9,0,-1,-1
PR:337:11,PR,337,11,9,0,7,0,9,0,-1,-1
PR:338:3,PR,338,3,9,0,7,0,10,0,-1,-1
PR:338:4,PR,338,4,9,0,7,0,10,0,-1,-1
PR:338:5,PR,338,5,9,0,7,0,10,0,-1,-1
PR:338:6,PR,338,6,9,0,7,0,10,0,-1,-1
PR:338:8,PR,338,8,9,0,7,0,10,0,-1,-1
PR:338:9,PR,338,9,9,0,7,0,10,0,-1,-1
PR:338:10,PR,338,10,9,0,7,0,10,0,-1,-1
PR:338:12,PR,338,12,9,0,7,0,10,0,-1,-1
PR:338:13,PR,338,13,9,0,7,0,10,0,-1,-1
PR:338:14,PR,338,14,9,0,7,0,10,0,-1,-1
PR:340:3,PR,340,3,9,0,7,0,12,0,-1,-1
PR:340:4,PR,340,4,9,0,7,0,12,0,-1,-1
PR:340:5,PR,340,5,9,0,7,0,12,0,-1,-1
PR:340:7,PR,340,7,9,0,7,0,12,0,-1,-1
PR:340:8,PR,340,8,9,0,7,0,12,0,-1,-1
PR:340:9,PR,340,9,9,0,7,0,12,0,-1,-1
PR:340:10,PR,340,10,9,0,7,0,12,0,-1,-1
PR:340:11,PR,340,11,9,0,7,0,12,0,-1,-1
PR:340:12,PR,340,12,9,0,7,0,12,0,-1,-1
PR:340:13,PR,340,13,9,0,7,0,12,0,-1,-1
PR:341:3,PR,341,3,9,0,7,0,13,0,-1,-1
PR:341:4,PR,341,4,9,0,7,0,13,0,-1,-1
PR:341:5,PR,341,5,9,0,7,0,13,0,-1,-1
PR:341:6,PR,341,6,9,0,7,0,13,0,-1,-1
PR:341:7,PR,341,7,9,0,7,0,13,0,-1,-1
PR:341:8,PR,341,8,9,0,7,0,13,0,-1,-1
PR:341:9,PR,341,9,9,0,7,0,13,0,-1,-1
PR:341:10,PR,341,10,9,0,7,0,13,0,-1,-1
PR:341:11,PR,341,11,9,0,7,0,13,0,-1,-1
PR:341:12,PR,341,12,9,0,7,0,13,0,-1,-1
PR:341:13,PR,341,13,9,0,7,0,13,0,-1,-1
PR:341:14,PR,341,14,9,0,7,0,13,0,-1,-1
PR:341:15,PR,341,15,9,0,7,0,13,0,-1,-1
PR:344:4,PR,344,4,9,0,7,0,16,0,-1,-1
PR:344:10,PR,344,10,9,0,7,0,16,0,-1,-1
PR:344:11,PR,344,11,9,0,7,0,16,0,-1,-1
PR:344:12,PR,344,12,9,0,7,0,16,0,-1,-1
PR:373:3,PR,373,3,10,0,6,0,9,0,-1,-1
PR:373:4,PR,373,4,10,0,6,0,9,0,-1,-1
PR:373:6,PR,373,6,10,0,6,0,9,0,-1,-1
PR:373:7,PR,373,7,10,0,6,0,9,0,-1,-1
PR:373:8,PR,373,8,10,0,6,0,9,0,-1,-1
PR:373:10,PR,373,10,10,0,6,0,9,0,-1,-1
PR:373:11,PR,373,11,10,0,6,0,9,0,-1,-1
PR:373:12,PR,373,12,10,0,6,0,9,0,-1,-1
PR:373:13,PR,373,13,10,0,6,0,9,0,-1,-1
PR:373:14,PR,373,14,10,0,6,0,9,0,-1,-1
PR:373:15,PR,373,15,10,0,6,0,9,0,-1,-1
PR:374:3,PR,374,3,10,0,6,0,10,0,-1,-1
PR:374:4,PR,374,4,10,0,6,0,10,0,-1,-1
PR:374:7,PR,374,7,10,0,6,0,10,0,-1,-1
PR:374:8,PR,374,8,10,0,6,0,10,0,-1,-1
PR:374:10,PR,374,10,10,0,6,0,10,0,-1,-1
PR:374:11,PR,374,11,10,0,6,0,10,0,-1,-1
PR:374:12,PR,374,12,10,0,6,0,10,0,-1,-1
PR:374:13,PR,374,13,10,0,6,0,10,0,-1,-1
PR:375:4,PR,375,4,10,0,6,0,11,0,-1,-1
PR:375:10,PR,375,10,10,0,6,0,11,0,-1,-1
PR:375:11,PR,375,11,10,0,6,0,11,0,-1,-1
PR:376:3,PR,376,3,10,0,6,0,12,0,-1,-1
PR:376:4,PR,376,4,10,0,6,0,12,0,-1,-1
PR:376:6,PR,376,6,10,0,6,0,12,0,-1,-1
PR:376:7,PR,376,7,10,0,6,0,12,0,-1,-1
PR:376:8,PR,376,8,10,0,6,0,12,0,-1,-1
PR:376:10,PR,376,10,10,0,6,0,12,0,-1,-1
PR:376:11,PR,376,11,10,0,6,0,12,0,-1,-1
PR:376:12,PR,376,12,10,0,6,0,12,0,-1,-1
PR:376:13,PR,376,13,10,0,6,0,12,0,-1,-1
PR:376:14,PR,376,14,10,0,6,0,12,0,-1,-1
PR:376:15,PR,376,15,10,0,6,0,12,0,-1,-1
PR:377:3,PR,377,3,10,0,6,0,13,0,-1,-1
PR:377:4,PR,377,4,10,0,6,0,13,0,-1,-1
PR:377:5,PR,377,5,10,0,6,0,13,0,-1,-1
PR:377:6,PR,377,6,10,0,6,0,13,0,-1,-1
PR:377:7,PR,377,7,10,0,6,0,13,0,-1,-1
PR:377:8,PR,377,8,10,0,6,0,13,0,-1,-1
PR:377:9,PR,377,9,10,0,6,0,13,0,-1,-1
PR:377:10,PR,377,10,10,0,6,0,13,0,-1,-1
PR:377:11,PR,377,11,10,0,6,0,13,0,-1,-1
PR:377:12,PR,377,12,10,0,6,0,13,0,-1,-1
PR:377:13,PR,377,13,10,0,6,0,13,0,-1,-1
PR:377:14,PR,377,14,10,0,6,0,13,0,-1,-1
PR:377:15,PR,377,15,10,0,6,0,13,0,-1,-1
PR:378:4,PR,378,4,10,0,6,0,14,0,-1,-1
PR:380:3,PR,380,3,10,0,6,0,16,0,-1,-1
PR:380:4,PR,380,4,10,0,6,0,16,0,-1,-1
PR:380:6,PR,380,6,10,0,6,0,16,0,-1,-1
PR:380:7,PR,380,7,10,0,6,0,16,0,-1,-1
PR:380:8,PR,380,8,10,0,6,0,16,0,-1,-1
PR:380:10,PR,380,10,10,0,6,0,16,0,-1,-1
PR:380:11,PR,380,11,10,0,6,0,16,0,-1,-1
PR:380:12,PR,380,12,10,0,6,0,16,0,-1,-1
PR:380:13,PR,380,13,10,0,6,0,16,0,-1,-1
PR:380:14,PR,380,14,10,0,6,0,16,0,-1,-1
PR:380:15,PR,380,15,10,0,6,0,16,0,-1,-1
PR:381:4,PR,381,4,10,0,6,0,17,0,-1,-1
PR:381:11,PR,381,11,10,0,6,0,17,0,-1,-1
PR:381:12,PR,381,12,10,0,6,0,17,0,-1,-1
PR:384:11,PR,384,11,10,0,6,0,20,0,-1,-1
PR:384:12,PR,384,12,10,0,6,0,20,0,-1,-1
PR:384:13,PR,384,13,10,0,6,0,20,0,-1,-1
PR:384:15,PR,384,15,10,0,6,0,20,0,-1,-1
PR:409:3,PR,409,3,11,0,7,0,9,0,-1,-1
PR:409:4,PR,409,4,11,0,7,0,9,0,-1,-1
PR:409:5,PR,409,5,11,0,7,0,9,0,-1,-1
PR:409:6,PR,409,6,11,0,7,0,9,0,-1,-1
PR:409:7,PR,409,7,11,0,7,0,9,0,-1,-1
PR:409:8,PR,409,8,11,0,7,0,9,0,-1,-1
PR:409:9,PR,409,9,11,0,7,0,9,0,-1,-1
PR:409:10,PR,409,10,11,0,7,0,9,0,-1,-1
PR:409:11,PR,409,11,11,0,7,0,9,0,-1,-1
PR:409:12,PR,409,12,11,0,7,0,9,0,-1,-1
PR:409:13,PR,409,13,11,0,7,0,9,0,-1,-1
PR:409:14,PR,409,14,11,0,7,0,9,0,-1,-1
PR:409:15,PR,409,15,11,0,7,0,9,0,-1,-1
PR:410:3,PR,410,3,11,0,7,0,10,0,-1,-1
PR:410:5,PR,410,5,11,0,7,0,10,0,-1,-1
PR:410:6,PR,410,6,11,0,7,0,10,0,-1,-1
PR:410:7,PR,410,7,11,0,7,0,10,0,-1,-1
PR:410:8,PR,410,8,11,0,7,0,10,0,-1,-1
PR:410:9,PR,410,9,11,0,7,0,10,0,-1,-1
PR:410:10,PR,410,10,11,0,7,0,10,0,-1,-1
PR:410:11,PR,410,11,11,0,7,0,10,0,-1,-1
PR:410:12,PR,410,12,11,0,7,0,10,0,-1,-1
PR:410:13,PR,410,13,11,0,7,0,10,0,-1,-1
PR:410:14,PR,410,14,11,0,7,0,10,0,-1,-1
PR:410:15,PR,410,15,11,0,7,0,10,0,-1,-1
PR:412:3,PR,412,3,11,0,7,0,12,0,-1,-1
PR:412:4,PR,412,4,11,0,7,0,12,0,-1,-1
PR:412:5,PR,412,5,11,0,7,0,12,0,-1,-1
PR:412:6,PR,412,6,11,0,7,0,12,0,-1,-1
PR:412:8,PR,412,8,11,0,7,0,12,0,-1,-1
PR:412:9,PR,412,9,11,0,7,0,12,0,-1,-1
PR:412:10,PR,412,10,11,0,7,0,12,0,-1,-1
PR:412:11,PR,412,11,11,0,7,0,12,0,-1,-1
PR:412:12,PR,412,12,11,0,7,0,12,0,-1,-1
PR:412:13,PR,412,13,11,0,7,0,12,0,-1,-1
PR:412:14,PR,412,14,11,0,7,0,12,0,-1,-1
PR:412:15,PR,412,15,11,0,7,0,12,0,-1,-1
PR:413:3,PR,413,3,11,0,7,0,13,0,-1,-1
PR:413:4,PR,413,4,11,0,7,0,13,0,-1,-1
PR:413:5,PR,413,5,11,0,7,0,13,0,-1,-1
PR:413:6,PR,413,6,11,0,7,0,13,0,-1,-1
PR:413:7,PR,413,7,11,0,7,0,13,0,-1,-1
PR:413:8,PR,413,8,11,0,7,0,13,0,-1,-1
PR:413:9,PR,413,9,11,0,7,0,13,0,-1,-1
PR:413:10,PR,413,10,11,0,7,0,13,0,-1,-1
PR:413:11,PR,413,11,11,0,7,0,13,0,-1,-1
PR:413:12,PR,413,12,11,0,7,0,13,0,-1,-1
PR:413:13,PR,413,13,11,0,7,0,13,0,-1,-1
PR:413:14,PR,413,14,11,0,7,0,13,0,-1,-1
PR:413:15,PR,413,15,11,0,7,0,13,0,-1,-1
PR:414:3,PR,414,3,11,0,7,0,14,0,-1,-1
PR:414:11,PR,414,11,11,0,7,0,14,0,-1,-1
PR:414:12,PR,414,12,11,0,7,0,14,0,-1,-1
PR:414:13,PR,414,13,11,0,7,0,14,0,-1,-1
PR:416:3,PR,416,3,11,0,7,0,16,0,-1,-1
PR:416:4,PR,416,4,11,0,7,0,16,0,-1,-1
PR:416:5,PR,416,5,11,0,7,0,16,0,-1,-1
PR:416:6,PR,416,6,11,0,7,0,16,0,-1,-1
PR:416:9,PR,416,9,11,0,7,0,16,0,-1,-1
PR:416:10,PR,416,10,11,0,7,0,16,0,-1,-1
PR:416:11,PR,416,11,11,0,7,0,16,0,-1,-1
PR:416:12,PR,416,12,11,0,7,0,16,0,-1,-1
PR:416:13,PR,416,13,11,0,7,0,16,0,-1,-1
PR:416:14,PR,416,14,11,0,7,0,16,0,-1,-1
PR:416:15,PR,416,15,11,0,7,0,16,0,-1,-1
PR:417:3,PR,417,3,11,0,7,0,17,0,-1,-1
PR:417:11,PR,417,11,11,0,7,0,17,0,-1,-1
PR:417:12,PR,417,12,11,0,7,0,17,0,-1,-1
PR:417:13,PR,417,13,11,0,7,0,17,0,-1,-1
PR:417:14,PR,417,14,11,0,7,0,17,0,-1,-1
PR:417:15,PR,417,15,11,0,7,0,17,0,-1,-1
PR:420:3,PR,420,3,11,0,7,0,20,0,-1,-1
PR:420:13,PR,420,13,11,0,7,0,20,0,-1,-1
PR:420:14,PR,420,14,11,0,7,0,20,0,-1,-1
PR:420:15,PR,420,15,11,0,7,0,20,0,-1,-1
PR:421:15,PR,421,15,11,0,7,0,21,0,-1,-1
PR:450:15,PR,450,15,12,0,8,0,7,0,-1,-1
PR:451:4,PR,451,4,12,0,8,0,8,0,-1,-1
PR:451:15,PR,451,15,12,0,8,0,8,0,-1,-1
PR:452:3,PR,452,3,12,0,8,0,9,0,-1,-1
PR:452:4,PR,452,4,12,0,8,0,9,0,-1,-1
PR:452:5,PR,452,5,12,0,8,0,9,0,-1,-1
PR:452:6,PR,452,6,12,0,8,0,9,0,-1,-1
PR:452:9,PR,452,9,12,0,8,0,9,0,-1,-1
PR:452:10,PR,452,10,12,0,8,0,9,0,-1,-1
PR:452:11,PR,452,11,12,0,8,0,9,0,-1,-1
PR:452:12,PR,452,12,12,0,8,0,9,0,-1,-1
PR:452:13,PR,452,13,12,0,8,0,9,0,-1,-1
PR:452:14,PR,452,14,12,0,8,0,9,0,-1,-1
PR:452:15,PR,452,15,12,0,8,0,9,0,-1,-1
PR:453:3,PR,453,3,12,0,8,0,10,0,-1,-1
PR:453:4,PR,453,4,12,0,8,0,10,0,-1,-1
PR:453:5,PR,453,5,12,0,8,0,10,0,-1,-1
PR:453:6,PR,453,6,12,0,8,0,10,0,-1,-1
PR:453:9,PR,453,9,12,0,8,0,10,0,-1,-1
PR:453:10,PR,453,10,12,0,8,0,10,0,-1,-1
PR:453:11,PR,453,11,12,0,8,0,10,0,-1,-1
PR:453:12,PR,453,12,12,0,8,0,10,0,-1,-1
PR:453:13,PR,453,13,12,0,8,0,10,0,-1,-1
PR:453:14,PR,453,14,12,0,8,0,10,0,-1,-1
PR:453:15,PR,453,15,12,0,8,0,10,0,-1,-1
PR:455:3,PR,455,3,12,0,8,0,12,0,-1,-1
PR:455:4,PR,455,4,12,0,8,0,12,0,-1,-1
PR:455:5,PR,455,5,12,0,8,0,12,0,-1,-1
PR:455:6,PR,455,6,12,0,8,0,12,0,-1,-1
PR:455:8,PR,455,8,12,0,8,0,12,0,-1,-1
PR:455:9,PR,455,9,12,0,8,0,12,0,-1,-1
PR:455:10,PR,455,10,12,0,8,0,12,0,-1,-1
PR:455:11,PR,455,11,12,0,8,0,12,0,-1,-1
PR:455:12,PR,455,12,12,0,8,0,12,0,-1,-1
PR:455:13,PR,455,13,12,0,8,0,12,0,-1,-1
PR:455:14,PR,455,14,12,0,8,0,12,0,-1,-1
PR:455:15,PR,455,15,12,0,8,0,12,0,-1,-1
PR:456:3,PR,456,3,12,0,8,0,13,0,-1,-1
PR:456:4,PR,456,4,12,0,8,0,13,0,-1,-1
PR:456:5,PR,456,5,12,0,8,0,13,0,-1,-1
PR:456:6,PR,456,6,12,0,8,0,13,0,-1,-1
PR:456:8,PR,456,8,12,0,8,0,13,0,-1,-1
PR:456:9,PR,456,9,12,0,8,0,13,0,-1,-1
PR:456:10,PR,456,10,12,0,8,0,13,0,-1,-1
PR:456:11,PR,456,11,12,0,8,0,13,0,-1,-1
PR:456:12,PR,456,12,12,0,8,0,13,0,-1,-1
PR:456:13,PR,456,13,12,0,8,0,13,0,-1,-1
PR:456:14,PR,456,14,12,0,8,0,13,0,-1,-1
PR:456:15,PR,456,15,12,0,8,0,13,0,-1,-1
PR:457:12,PR,457,12,12,0,8,0,14,0,-1,-1
PR:459:3,PR,459,3,12,0,8,0,16,0,-1,-1
PR:459:4,PR,459,4,12,0,8,0,16,0,-1,-1
PR:459:5,PR,459,5,12,0,8,0,16,0,-1,-1
PR:459:10,PR,459,10,12,0,8,0,16,0,-1,-1
PR:459:11,PR,459,11,12,0,8,0,16,0,-1,-1
PR:459:12,PR,459,12,12,0,8,0,16,0,-1,-1
PR:459:13,PR,459,13,12,0,8,0,16,0,-1,-1
PR:459:14,PR,459,14,12,0,8,0,16,0,-1,-1
PR:459:15,PR,459,15,12,0,8,0,16,0,-1,-1
PR:460:3,PR,460,3,12,0,8,0,17,0,-1,-1
PR:460:4,PR,460,4,12,0,8,0,17,0,-1,-1
PR:460:5,PR,460,5,12,0,8,0,17,0,-1,-1
PR:460:11,PR,460,11,12,0,8,0,17,0,-1,-1
PR:460:12,PR,460,12,12,0,8,0,17,0,-1,-1
PR:460:13,PR,460,13,12,0,8,0,17,0,-1,-1
PR:460:14,PR,460,14,12,0,8,0,17,0,-1,-1
PR:460:15,PR,460,15,12,0,8,0,17,0,-1,-1
PR:462:13,PR,462,13,12,0,8,0,19,0,-1,-1
PR:462:14,PR,462,14,12,0,8,0,19,0,-1,-1
PR:462:15,PR,462,15,12,0,8,0,19,0,-1,-1
PR:463:3,PR,463,3,12,0,8,0,20,0,-1,-1
PR:463:4,PR,463,4,12,0,8,0,20,0,-1,-1
PR:463:11,PR,463,11,12,0,8,0,20,0,-1,-1
PR:463:12,PR,463,12,12,0,8,0,20,0,-1,-1
PR:463:13,PR,463,13,12,0,8,0,20,0,-1,-1
PR:463:14,PR,463,14,12,0,8,0,20,0,-1,-1
PR:463:15,PR,463,15,12,0,8,0,20,0,-1,-1
PR:464:13,PR,464,13,12,0,8,0,21,0,-1,-1
PR:464:14,PR,464,14,12,0,8,0,21,0,-1,-1
PR:464:15,PR,464,15,12,0,8,0,21,0,-1,-1
PR:467:14,PR,467,14,12,0,8,0,24,0,-1,-1
PR:467:15,PR,467,15,12,0,8,0,24,0,-1,-1
PR:470:14,PR,470,14,12,0,8,0,27,0,-1,-1
PR:470:15,PR,470,15,12,0,8,0,27,0,-1,-1
PR:486:11,PR,486,11,0,0,0,0,0,0,-1,-1
PR:486:12,PR,486,12,0,0,0,0,0,0,-1,-1
PR:486:13,PR,486,13,0,0,0,0,0,0,-1,-1
PR:486:14,PR,486,14,0,0,0,0,0,0,-1,-1
PR:486:15,PR,486,15,0,0,0,0,0,0,-1,-1
PR:487:3,PR,487,3,0,0,0,0,0,0,-1,-1
PR:487:4,PR,487,4,0,0,0,0,0,0,-1,-1
PR:487:5,PR,487,5,0,0,0,0,0,0,-1,-1
PR:487:10,PR,487,10,0,0,0,0,0,0,-1,-1
PR:487:11,PR,487,11,0,0,0,0,0,0,-1,-1
PR:487:12,PR,487,12,0,0,0,0,0,0,-1,-1
PR:487:13,PR,487,13,0,0,0,0,0,0,-1,-1
PR:487:14,PR,487,14,0,0,0,0,0,0,-1,-1
PR:487:15,PR,487,15,0,0,0,0,0,0,-1,-1
PR:488:3,PR,488,3,0,0,0,0,0,0,-1,-1
PR:488:4,PR,488,4,0,0,0,0,0,0,-1,-1
PR:488:5,PR,488,5,0,0,0,0,0,0,-1,-1
PR:488:6,PR,488,6,0,0,0,0,0,0,-1,-1
PR:488:10,PR,488,10,0,0,0,0,0,0,-1,-1
PR:488:11,PR,488,11,0,0,0,0,0,0,-1,-1
PR:488:12,PR,488,12,0,0,0,0,0,0,-1,-1
PR:488:13,PR,488,13,0,0,0,0,0,0,-1,-1
PR:488:14,PR,488,14,0,0,0,0,0,0,-1,-1
PR:488:15,PR,488,15,0,0,0,0,0,0,-1,-1
PR:489:3,PR,489,3,0,0,0,0,0,0,-1,-1
PR:489:4,PR,489,4,0,0,0,0,0,0,-1,-1
PR:489:5,PR,489,5,0,0,0,0,0,0,-1,-1
PR:489:6,PR,489,6,0,0,0,0,0,0,-1,-1
PR:489:9,PR,489,9,0,0,0,0,0,0,-1,-1
PR:489:10,PR,489,10,0,0,0,0,0,0,-1,-1
PR:489:11,PR,489,11,0,0,0,0,0,0,-1,-1
PR:489:12,PR,489,12,0,0,0,0,0,0,-1,-1
PR:489:13,PR,489,13,0,0,0,0,0,0,-1,-1
PR:489:14,PR,489,14,0,0,0,0,0,0,-1,-1
PR:489:15,PR,489,15,0,0,0,0,0,0,-1,-1
PR:490:3,PR,490,3,0,0,0,0,0,0,-1,-1
PR:490:4,PR,490,4,0,0,0,0,0,0,-1,-1
PR:490:5,PR,490,5,0,0,0,0,0,0,-1,-1
PR:490:10,PR,490,10,0,0,0,0,0,0,-1,-1
PR:490:11,PR,490,11,0,0,0,0,0,0,-1,-1
PR:490:12,PR,490,12,0,0,0,0,0,0,-1,-1
PR:490:13,PR,490,13,0,0,0,0,0,0,-1,-1
PR:490:14,PR,490,14,0,0,0,0,0,0,-1,-1
PR:490:15,PR,490,15,0,0,0,0,0,0,-1,-1
PR:491:3,PR,491,3,0,0,0,0,0,0,-1,-1
PR:491:4,PR,491,4,0,0,0,0,0,0,-1,-1
PR:491:5,PR,491,5,0,0,0,0,0,0,-1,-1
PR:491:10,PR,491,10,0,0,0,0,0,0,-1,-1
PR:491:11,PR,491,11,0,0,0,0,0,0,-1,-1
PR:491:12,PR,491,12,0,0,0,0,0,0,-1,-1
PR:491:13,PR,491,13,0,0,0,0,0,0,-1,-1
PR:491:14,PR,491,14,0,0,0,0,0,0,-1,-1
PR:491:15,PR,491,15,0,0,0,0,0,0,-1,-1
PR:492:3,PR,492,3,0,0,0,0,0,0,-1,-1
PR:492:4,PR,492,4,0,0,0,0,0,0,-1,-1
PR:492:5,PR,492,5,0,0,0,0,0,0,-1,-1
PR:492:6,PR,492,6,0,0,0,0,0,0,-1,-1
PR:492:9,PR,492,9,0,0,0,0,0,0,-1,-1
PR:492:10,PR,492,10,0,0,0,0,0,0,-1,-1
PR:492:11,PR,492,11,0,0,0,0,0,0,-1,-1
PR:492:12,PR,492,12,0,0,0,0,0,0,-1,-1
PR:492:13,PR,492,13,0,0,0,0,0,0,-1,-1
PR:492:14,PR,492,14,0,0,0,0,0,0,-1,-1
PR:492:15,PR,492,15,0,0,0,0,0,0,-1,-1
PR:493:3,PR,493,3,0,0,0,0,0,0,-1,-1
PR:493:4,PR,493,4,0,0,0,0,0,0,-1,-1
PR:493:10,PR,493,10,0,0,0,0,0,0,-1,-1
PR:493:11,PR,493,11,0,0,0,0,0,0,-1,-1
PR:493:12,PR,493,12,0,0,0,0,0,0,-1,-1
PR:493:13,PR,493,13,0,0,0,0,0,0,-1,-1
PR:493:14,PR,493,14,0,0,0,0,0,0,-1,-1
PR:493:15,PR,493,15,0,0,0,0,0,0,-1,-1
PR:494:11,PR,494,11,0,0,0,0,0,0,-1,-1
PR:494:15,PR,494,15,0,0,0,0,0,0,-1,-1
PR:495:3,PR,495,3,0,0,0,0,0,0,-1,-1
PR:495:4,PR,495,4,0,0,0,0,0,0,-1,-1
PR:495:5,PR,495,5,0,0,0,0,0,0,-1,-1
PR:495:10,PR,495,10,0,0,0,0,0,0,-1,-1
PR:495:11,PR,495,11,0,0,0,0,0,0,-1,-1
PR:495:12,PR,495,12,0,0,0,0,0,0,-1,-1
PR:495:13,PR,495,13,0,0,0,0,0,0,-1,-1
PR:495:14,PR,495,14,0,0,0,0,0,0,-1,-1
PR:495:15,PR,495,15,0,0,0,0,0,0,-1,-1
PR:496:3,PR,496,3,0,0,0,0,0,0,-1,-1
PR:496:4,PR,496,4,0,0,0,0,0,0,-1,-1
PR:496:11,PR,496,11,0,0,0,0,0,0,-1,-1
PR:496:12,PR,496,12,0,0,0,0,0,0,-1,-1
PR:496:13,PR,496,13,0,0,0,0,0,0,-1,-1
PR:496:14,PR,496,14,0,0,0,0,0,0,-1,-1
PR:496:15,PR,496,15,0,0,0,0,0,0,-1,-1
PR:498:14,PR,498,14,0,0,0,0,0,0,-1,-1
PR:499:3,PR,499,3,0,0,0,0,0,0,-1,-1
PR:499:12,PR,499,12,0,0,0,0,0,0,-1,-1
PR:499:13,PR,499,13,0,0,0,0,0,0,-1,-1
PR:499:14,PR,499,14,0,0,0,0,0,0,-1,-1
PR:499:15,PR,499,15,0,0,0,0,0,0,-1,-1
PR:500:3,PR,500,3,0,0,0,0,0,0,-1,-1
PR:500:14,PR,500,14,0,0,0,0,0,0,-1,-1
PR:500:15,PR,500,15,0,0,0,0,0,0,-1,-1
PR:502:15,PR,502,15,0,0,0,0,0,0,-1,-1
PR:503:14,PR,503,14,0,0,0,0,0,0,-1,-1
PR:503:15,PR,503,15,0,0,0,0,0,0,-1,-1
