construct,seed,model,plddt_protein_mean,plddt_protein_p10,plddt_core_mean,plddt_core_below70,pae_protein_mean,pae_contact_weighted,pae_RNA_symmetric,Rg_CA_A,Rg_core_CA_A,Rg_core_length_normalized,core_max_CA_distance_A,core_anisotropy,core_density_mean,core_density_sd,core_density_p10,core_high_density_mean
puf_12_loopr4r4,2,0,87.38454191988566,68.053625,90.9193791870424,0.05555555555555555,9.871251,2.4679005,7.8461537,34.77003,31.655045,4.1874375,91.6981694118193,15.074520583497263,2.9420602,1.7207654,0.662,2.7870371
puf_12_loopr4r4,2,1,87.17347504301254,67.35425000000001,90.69312090231014,0.07175925925925926,10.020311,2.5351577,8.039098,34.561234,31.512705,4.168608,89.53830278077977,14.924964236500932,2.9420602,1.7207654,0.662,2.7870371
puf_12_loopr4r4,2,2,87.02884750180374,66.34933333333335,90.59043614134065,0.0763888888888889,9.997625,2.5409126,8.098498,35.015793,31.830498,4.210647,91.99708622119168,15.470880426474753,2.9420602,1.7207654,0.662,2.7870371
puf_12_loopr4r4,2,3,87.0205356497669,66.71030555555556,90.61044355843487,0.06712962962962964,10.125258,2.574412,8.193572,34.788383,31.648651,4.1865916,91.64873105751298,15.331727375051207,2.9420602,1.7207654,0.662,2.7870371
puf_12_loopr4r4,2,4,86.7297236409424,65.34577777777778,90.40844629496017,0.08333333333333333,10.278385,2.643048,8.340088,35.04368,31.822657,4.20961,91.95358181572739,15.329100068784703,2.9420602,1.7207654,0.662,2.7870371
puf_12_r4r4,4,0,90.5634461518555,78.89775,93.24431406158143,0.009259259259259259,8.349917,1.7643238,7.84368,34.553745,31.637342,4.185096,89.17528294812854,15.57281439853269,2.9455786,1.725443,0.5370001,2.8425925
puf_12_r4r4,4,1,90.90922656880697,80.80248484848485,93.52984431367246,0.0023148148148148147,8.121993,1.7023528,7.770633,34.081432,31.436878,4.158578,87.83626233808663,15.359068097887764,2.9455786,1.725443,0.5370001,2.8425925
puf_12_r4r4,4,2,90.59272217299701,79.47833333333332,93.28913952020203,0.004629629629629629,8.432743,1.7943889,8.271615,34.59892,31.6321,4.184402,89.41484449902363,15.537722707972218,2.9455786,1.725443,0.5370001,2.8425925
puf_12_r4r4,4,3,90.55523404400451,79.1498888888889,93.27414131226286,0.004629629629629629,8.401758,1.7753705,8.406561,34.093197,31.323927,4.143636,88.20356847392297,14.899909359369689,2.9455786,1.725443,0.5370001,2.8425925
puf_12_r4r4,4,4,90.49806313342278,79.26181818181817,93.16698911485891,0.006944444444444444,8.509053,1.801395,8.827411,34.63886,31.701166,4.1935387,90.25996907928618,15.38798684566986,2.9455786,1.725443,0.5370001,2.8425925
puf_12_r4r4,3,0,88.91656301528232,72.40125,92.05816192597268,0.03009259259259259,9.272684,2.2307324,7.587172,34.5203,31.613298,4.1819153,88.03094223736083,15.382056694385373,2.9436574,1.7220852,0.551,2.8541667
puf_12_r4r4,3,1,88.97516398108066,73.38928571428572,92.10244446782643,0.027777777777777776,9.277729,2.2279947,7.808135,34.737095,31.68962,4.1920114,88.84326802122413,15.548275774262406,2.9436574,1.7220852,0.551,2.8541667
puf_12_r4r4,3,2,88.80703263208527,72.74165079365079,91.88957018682193,0.032407407407407406,9.307307,2.2331007,7.638507,34.336136,31.511084,4.168394,87.57803060909329,15.15237683465434,2.9436574,1.7220852,0.551,2.8541667
puf_12_r4r4,3,3,88.63402351839196,71.8394,91.78025620039682,0.032407407407407406,9.47059,2.2854996,7.9779882,34.81432,31.741825,4.198917,89.47989858262663,15.521271302420118,2.9436574,1.7220852,0.551,2.8541667
puf_12_r4r4,3,4,88.56437453271226,71.14098412698412,91.75424903298861,0.03935185185185185,9.486497,2.3207738,7.887089,35.09368,32.000076,4.2330794,90.35320789759525,16.02887127597658,2.9436574,1.7220852,0.551,2.8541667
puf12_r123_r5678_r56788,1,0,90.73089310445414,77.87687500000001,94.18400304717144,0.0,7.9106665,1.5692915,6.505747,35.14157,31.82646,4.210113,90.12265399121338,15.737760544045546,2.9224768,1.7459644,0.544,2.8472223
puf12_r123_r5678_r56788,1,1,90.38266737266639,77.24542857142858,93.78470704398481,0.0023148148148148147,7.9106545,1.5770823,6.5874853,34.76402,31.524632,4.170186,88.53061969501752,15.082549788016646,2.9224768,1.7459644,0.544,2.8472223
puf12_r123_r5678_r56788,1,2,90.53125576777823,77.88802500000001,93.90090364708595,0.0,7.916105,1.5670496,6.523347,34.856014,31.55104,4.1736794,89.56125268118087,15.187970383682265,2.9224768,1.7459644,0.544,2.8472223
puf12_r123_r5678_r56788,1,3,90.2444228290156,76.71499999999999,93.75203229216771,0.0,8.090006,1.6069443,6.703178,34.971684,31.58349,4.177972,88.93728159249284,15.141173590253103,2.9224768,1.7459644,0.544,2.8472223
puf12_r123_r5678_r56788,1,4,90.29596359732932,77.34823214285713,93.78965748423387,0.0023148148148148147,7.9638166,1.5918896,6.8530874,34.643627,31.54825,4.1733103,88.83789095026752,15.13759337837572,2.9224768,1.7459644,0.544,2.8472223
puf_11_r8,2,0,90.90341330395795,80.22188888888888,94.53829152455289,0.0,7.595694,1.5604788,6.6689963,33.766655,29.923473,4.0748687,86.41131078716883,14.032134244931523,2.92053,1.7810336,0.46499997,2.8459597
puf_11_r8,2,1,90.93652250824573,80.37085858585858,94.50930872214205,0.0,7.583412,1.5791136,6.323045,33.489162,29.901142,4.0718274,85.38117563461445,13.96152980016517,2.92053,1.7810336,0.46499997,2.8459597
puf_11_r8,2,2,90.92319576618526,80.46479797979799,94.45323839495241,0.0,7.573949,1.5708106,6.575727,33.668633,29.958937,4.0796976,86.18584801360477,14.070979145443248,2.92053,1.7810336,0.46499997,2.8459597
puf_11_r8,2,3,91.21478306853044,80.80170454545456,94.74652419487079,0.0,7.589281,1.5728066,6.7881713,33.933876,30.050533,4.092171,87.01753056049905,14.148686906374458,2.92053,1.7810336,0.46499997,2.8459597
puf_11_r8,2,4,90.75057666399894,80.10318181818181,94.36612861023656,0.0,7.7665195,1.6092857,6.630818,33.698032,29.90534,4.072399,86.43521708967988,14.001476225441762,2.92053,1.7810336,0.46499997,2.8459597
puf_11_loopr8,2,0,90.89314045139355,80.36465454545453,94.51948338999665,0.0,7.5754557,1.5604533,6.542053,34.06807,30.149382,4.105632,87.46272816581863,14.376176523659547,2.9418433,1.777877,0.47500002,2.8762627
puf_11_loopr8,2,1,90.72666709762517,80.04724999999999,94.32931859358374,0.0,7.7440968,1.5993499,6.7130117,33.96854,30.056982,4.093049,87.02121560986798,14.316676309166125,2.9418433,1.777877,0.47500002,2.8762627
puf_11_loopr8,2,2,90.9523752095041,81.0248888888889,94.47500281767894,0.0,7.5726333,1.5687128,6.754411,33.94179,30.132788,4.103372,87.04395379975445,14.293449849412504,2.9418433,1.777877,0.47500002,2.8762627
puf_11_loopr8,2,3,90.75636484708069,80.15755555555555,94.44710769127057,0.0,7.7438893,1.6031153,6.856132,34.1508,30.16631,4.107937,87.28275721900557,14.28863710869925,2.9418433,1.777877,0.47500002,2.8762627
puf_11_loopr8,2,4,90.8333381672388,80.48727272727272,94.44780996928156,0.0,7.673795,1.5835878,6.7053113,34.160778,30.154188,4.1062865,87.18556670496584,14.324697434699035,2.9418433,1.777877,0.47500002,2.8762627
puf_12_loopr4loopr4,1,0,87.87202190035349,65.40333333333334,91.22246234668108,0.0625,9.361404,2.2626905,7.749336,35.084957,31.74149,4.1988726,95.95860562936448,15.178239788951549,2.9464817,1.723858,0.63100004,2.726852
puf_12_loopr4loopr4,1,1,88.32513294369556,66.54495238095238,91.48709775583212,0.05555555555555555,9.21999,2.1745112,7.812378,34.88944,31.663704,4.188583,92.7362290361425,15.010654730155313,2.9464817,1.723858,0.63100004,2.726852
puf_12_loopr4loopr4,1,2,88.0022913432235,65.44397142857144,91.21975907220352,0.06018518518518518,9.277843,2.2429557,7.9124365,34.476124,31.361929,4.148663,94.18595980486182,14.34799055791914,2.9464817,1.723858,0.63100004,2.726852
puf_12_loopr4loopr4,1,3,87.63985610646996,63.483,91.00082214088637,0.0625,9.554716,2.3254704,8.260196,35.37857,31.906944,4.22076,95.01409318433701,15.589954359176108,2.9464817,1.723858,0.63100004,2.726852
puf_12_loopr4loopr4,1,4,87.65846010251609,63.89860714285715,91.07404901277992,0.06018518518518518,9.356507,2.305099,8.0807905,34.518703,31.344217,4.1463203,93.31494245200349,14.512336181900691,2.9464817,1.723858,0.63100004,2.726852
puf_12_r4loopr4,4,0,89.01195522255522,73.61911111111111,92.02863597532868,0.034722222222222224,8.982147,2.06586,7.98449,34.628403,31.490856,4.165718,91.85581498695925,15.08167741487292,2.955347,1.7051294,0.68000025,2.7962964
puf_12_r4loopr4,4,1,89.06883336940837,73.69885714285715,92.13692423908397,0.032407407407407406,8.912912,2.0199938,7.62466,35.1459,31.832157,4.2108665,92.75200271065923,15.538862438557219,2.955347,1.7051294,0.68000025,2.7962964
puf_12_r4loopr4,4,2,88.61263292679543,72.43925396825396,91.71554475225133,0.041666666666666664,9.126325,2.1283472,7.8655543,35.28441,31.911737,4.2213936,93.15202911556226,15.762631258137976,2.955347,1.7051294,0.68000025,2.7962964
puf_12_r4loopr4,4,3,88.88559436882561,72.758625,92.04441853471889,0.03935185185185185,8.82397,2.0232723,7.8707547,34.613182,31.475035,4.1636252,90.99127022740862,15.2856787420487,2.955347,1.7051294,0.68000025,2.7962964
puf_12_r4loopr4,4,4,88.90417392538019,72.68788888888889,91.94533366068089,0.041666666666666664,9.019399,2.0569837,8.292389,34.96981,31.681889,4.1909885,92.0264041954693,15.451936679445442,2.955347,1.7051294,0.68000025,2.7962964
puf_12_r4r4,2,0,89.59313636785566,75.68666666666665,92.52885480299021,0.018518518518518517,8.779716,2.0341008,7.5118833,34.28798,31.5155,4.1689777,87.70625883631709,15.430385945951398,2.9494212,1.7234409,0.56000024,2.8564816
puf_12_r4r4,2,1,88.60547904553752,70.86488888888888,91.74316481197557,0.034722222222222224,9.435136,2.2791395,8.115288,34.506413,31.577469,4.1771755,89.13094148975603,15.340889577680217,2.9494212,1.7234409,0.56000024,2.8564816
puf_12_r4r4,2,2,88.80068082102,72.13862222222224,91.8582103433475,0.034722222222222224,9.319714,2.2437634,7.917019,34.45582,31.465702,4.1623907,88.57969929893343,15.286474584085694,2.9494212,1.7234409,0.56000024,2.8564816
puf_12_r4r4,2,3,89.01793693900858,72.93999999999998,92.0437716800946,0.032407407407407406,9.19174,2.194193,7.774921,34.306217,31.489126,4.165489,88.10393476164553,15.198866319397606,2.9494212,1.7234409,0.56000024,2.8564816
puf_12_r4r4,2,4,88.66267181773178,71.06554285714287,91.8182301119662,0.037037037037037035,9.319637,2.2582006,7.847256,34.858597,31.849155,4.213115,90.50978872136268,15.876984619182748,2.9494212,1.7234409,0.56000024,2.8564816
puf_12_r4loopr4,1,0,89.40190324467198,76.116125,92.14647944725029,0.037037037037037035,8.826267,1.9561541,8.199608,34.651882,31.589079,4.1787114,92.03187790512816,15.234828491740634,2.9483795,1.7269596,0.59200007,2.7939816
puf_12_r4loopr4,1,1,89.17243469516593,75.18114285714286,92.04677741953263,0.041666666666666664,8.988957,2.028543,8.547559,34.823414,31.680038,4.190744,93.16426199889207,15.388324491526546,2.9483795,1.7269596,0.59200007,2.7939816
puf_12_r4loopr4,1,2,89.59836998487623,77.47244444444445,92.30896139804126,0.032407407407407406,8.8617735,1.9491012,8.710835,34.41233,31.41169,4.155246,91.11536512960481,14.893003471319078,2.9483795,1.7269596,0.59200007,2.7939816
puf_12_r4loopr4,1,3,89.15062681415806,74.420625,91.92654489003793,0.03935185185185185,9.057214,2.044609,8.415104,34.17391,31.249289,4.133763,91.35306095866895,14.49862732341978,2.9483795,1.7269596,0.59200007,2.7939816
puf_12_r4loopr4,1,4,89.26004440351315,74.69144444444444,92.02086211069023,0.041666666666666664,8.940613,2.042471,8.676636,34.631367,31.588129,4.1785855,92.31704646958687,15.191522610324746,2.9483795,1.7269596,0.59200007,2.7939816
puf_11_r8,3,0,91.04242468502552,80.38003787878787,94.5599858751658,0.0,7.5603485,1.5774431,6.4187136,33.8311,30.06611,4.094292,86.68468171266744,14.16623202896415,2.9176772,1.7789787,0.48,2.840909
puf_11_r8,3,1,90.88706037566543,79.56772727272727,94.45533307096944,0.0,7.6947904,1.6129227,6.6161036,33.933174,30.142517,4.104697,87.1848125924025,14.321781274379312,2.9176772,1.7789787,0.48,2.840909
puf_11_r8,3,2,90.85879006147916,79.7655681818182,94.47026622101244,0.0,7.649716,1.5963563,6.4736185,34.18683,30.315662,4.1282754,88.1029664491267,14.59089157834288,2.9176772,1.7789787,0.48,2.840909
puf_11_r8,3,3,90.45802387773291,78.86269841269842,94.18978509845935,0.0,7.9595222,1.6709917,6.9546704,33.92857,30.10331,4.099358,87.1926002458583,14.231637509149502,2.9176772,1.7789787,0.48,2.840909
puf_11_r8,3,4,90.74163937165775,79.51267045454546,94.33388565944436,0.0,7.8060184,1.6300504,6.8193765,33.480198,29.844027,4.0640497,85.74662079452033,13.79860773515962,2.9176772,1.7789787,0.48,2.840909
puf12_r123_r5678_r56788,2,0,90.73077206988975,80.368,94.01325029310966,0.0,7.8893704,1.566964,6.6041994,35.16583,31.697338,4.1930323,90.51451540798502,15.364393022776259,2.9218287,1.7464144,0.492,2.8379629
puf12_r123_r5678_r56788,2,1,90.86794040502683,80.88935064935065,94.07388179246165,0.0,7.868333,1.5639112,6.605672,35.07174,31.684975,4.1913967,90.56289533506758,15.427407756953537,2.9218287,1.7464144,0.492,2.8379629
puf12_r123_r5678_r56788,2,2,91.08492465742808,81.24475000000001,94.1788389057573,0.0,7.7128463,1.5272819,6.5411215,34.369,31.206795,4.1281414,87.1959514266988,14.656603608993393,2.9218287,1.7464144,0.492,2.8379629
puf12_r123_r5678_r56788,2,3,90.56594060583515,79.68872727272728,94.01983787027017,0.0,8.038925,1.5918626,6.8223853,34.836796,31.376987,4.1506553,88.54970389684522,14.887707734164174,2.9218287,1.7464144,0.492,2.8379629
puf12_r123_r5678_r56788,2,4,90.69320731801835,80.38549494949496,93.99240428841992,0.0,7.899565,1.5638471,6.7384768,34.802956,31.503027,4.167328,89.25689776726004,15.241151986862768,2.9218287,1.7464144,0.492,2.8379629
puf_12_loopr4r4,4,0,87.551214233683,68.2503,91.25206680562235,0.05787037037037037,9.757743,2.4643154,7.9039645,35.247677,31.920238,4.2225184,90.64799644888845,15.660881211371471,2.9448147,1.731642,0.64100003,2.8101852
puf_12_loopr4r4,4,1,87.68243238220113,68.748875,91.21388479871466,0.04861111111111111,9.814568,2.4664688,7.963987,35.187748,31.953909,4.226972,91.96404379994154,15.597853714424497,2.9448147,1.731642,0.64100003,2.8101852
puf_12_loopr4r4,4,2,87.53554610597736,68.6583888888889,91.0655876222543,0.05555555555555555,9.98793,2.5630217,8.065332,34.769432,31.643778,4.185947,90.53233218659871,15.213086119225103,2.9448147,1.731642,0.64100003,2.8101852
puf_12_loopr4r4,4,3,87.37184077172827,67.036125,90.99624621045108,0.05787037037037037,9.899175,2.521456,7.942315,35.22953,31.972595,4.229444,92.89586071151535,15.459556854945077,2.9448147,1.731642,0.64100003,2.8101852
puf_12_loopr4r4,4,4,87.65663880980131,68.08855555555556,91.2255687463257,0.05092592592592592,9.989867,2.520671,8.15321,35.034145,31.838667,4.2117276,91.26896067346372,15.429629302839295,2.9448147,1.731642,0.64100003,2.8101852
puf_12_loopr4loopr4,3,0,88.02336014660018,65.6825,91.2653433842392,0.06481481481481481,9.231334,2.2165766,8.175843,34.87012,31.622698,4.1831584,93.91865124819077,14.863652578867198,2.9549305,1.7251625,0.632,2.7569444
puf_12_loopr4loopr4,3,1,87.96608378101975,65.36485714285713,91.28627123500213,0.06018518518518518,9.294714,2.2431102,8.500767,34.955067,31.61021,4.1815066,94.95635664114353,14.859815439978275,2.9549305,1.7251625,0.632,2.7569444
puf_12_loopr4loopr4,3,2,87.59184973275721,65.25349999999999,90.9382522171116,0.07175925925925926,9.532553,2.317555,8.624127,35.228653,31.789236,4.2051888,94.06104555624508,15.25249120965853,2.9549305,1.7251625,0.632,2.7569444
puf_12_loopr4loopr4,3,3,87.95541421192134,66.79271428571428,91.25378796563518,0.06481481481481481,9.361431,2.2188833,8.669442,35.242207,31.81905,4.2091327,95.05641869609686,15.345621798737344,2.9549305,1.7251625,0.632,2.7569444
puf_12_loopr4loopr4,3,4,87.74131356736243,65.894,91.10551342124954,0.06481481481481481,9.597686,2.299219,9.224428,36.05697,32.370556,4.282088,98.24174389926984,16.3107720498039,2.9549305,1.7251625,0.632,2.7569444
puf_12_r4loopr4,2,0,87.28721429750804,65.74514285714287,90.7459577579699,0.06018518518518518,10.078604,2.5788338,7.900155,34.55809,31.429554,4.157609,91.30729352309446,14.861145721126897,2.9488423,1.7170763,0.6850001,2.8125
puf_12_r4loopr4,2,1,86.94547856449107,64.05,90.49171080013093,0.06481481481481481,10.219117,2.6406221,8.041886,34.43252,31.380379,4.151104,90.01457787292358,14.98639546840804,2.9488423,1.7170763,0.6850001,2.8125
puf_12_r4loopr4,2,2,87.18798397366523,66.00328571428571,90.62816774140211,0.06018518518518518,10.279313,2.6178968,8.063091,34.705788,31.513134,4.168665,90.663252271654,15.168927753691664,2.9488423,1.7170763,0.6850001,2.8125
puf_12_r4loopr4,2,3,86.71108833180708,63.00569841269842,90.28955221276922,0.0787037037037037,10.498231,2.7376761,8.396819,34.947777,31.686802,4.1916385,92.72705028267727,15.29718267730139,2.9488423,1.7170763,0.6850001,2.8125
puf_12_r4loopr4,2,4,86.51491501207126,61.681714285714285,90.10695374462213,0.09490740740740741,10.553708,2.7788868,8.323979,34.93473,31.698238,4.1931515,92.849770788071,15.245130772554226,2.9488423,1.7170763,0.6850001,2.8125
puf_12_r4r4,1,0,88.68081689211806,71.96155555555555,91.77355851170434,0.037037037037037035,9.358051,2.2327845,7.655158,34.65732,31.683813,4.191243,88.7709138853686,15.569221716150441,2.9354167,1.720458,0.58100003,2.8564816
puf_12_r4r4,1,1,88.48951697003451,70.86874285714286,91.66233195296216,0.03935185185185185,9.559787,2.3381763,8.033244,34.440716,31.563591,4.1753397,88.222229513478,15.233502901673932,2.9354167,1.720458,0.58100003,2.8564816
puf_12_r4r4,1,2,88.47454963868705,70.71666666666667,91.59684513705173,0.041666666666666664,9.52401,2.307269,7.7567773,34.422558,31.60568,4.1809072,88.48692884583235,15.400354674125785,2.9354167,1.720458,0.58100003,2.8564816
puf_12_r4r4,1,3,88.38412394622922,70.2244888888889,91.51844589579659,0.046296296296296294,9.596289,2.3441186,7.9363694,34.437134,31.580555,4.1775837,88.43139264319935,15.336674596179881,2.9354167,1.720458,0.58100003,2.8564816
puf_12_r4r4,1,4,88.58595716353173,71.39495238095238,91.66082991205039,0.03935185185185185,9.524481,2.2916653,8.090704,34.182796,31.379446,4.1509805,87.1794470072736,14.995880106317006,2.9354167,1.720458,0.58100003,2.8564816
puf_11_r8,4,0,91.04844370172312,81.03083333333333,94.60224183210168,0.0,7.5993953,1.5544665,6.633331,33.710346,29.99959,4.0852337,86.46545217516865,14.091723376570611,2.9193435,1.7780087,0.45499998,2.8459597
puf_11_r8,4,1,91.03051825502929,81.21000000000001,94.55687625624935,0.0,7.524864,1.5258837,6.5504036,33.677536,29.90701,4.0726266,86.44229355579247,13.951032168496042,2.9193435,1.7780087,0.45499998,2.8459597
puf_11_r8,4,2,91.12983255347592,80.95875000000001,94.63654353509845,0.0,7.554295,1.5498713,6.5627184,33.74525,29.974598,4.0818305,86.17343914414876,13.962006900800574,2.9193435,1.7780087,0.45499998,2.8459597
puf_11_r8,4,3,90.79793531655088,79.48435064935066,94.49939341922108,0.0,7.687109,1.5899862,6.691322,33.854477,30.100914,4.099032,87.10185740910049,14.224590938775899,2.9193435,1.7780087,0.45499998,2.8459597
puf_11_r8,4,4,91.060762016928,80.60571428571428,94.6215509915169,0.0,7.599367,1.5707927,6.708436,33.951134,30.125515,4.1023817,86.89294614726391,14.236441528868156,2.9193435,1.7780087,0.45499998,2.8459597
puf_12_loopr4loopr4,4,0,87.76682649413627,63.309083333333334,91.14467256643819,0.06481481481481481,9.294708,2.3111537,7.356743,35.481342,32.000896,4.233188,94.46365117152796,15.579766348931159,2.9465973,1.719123,0.6330001,2.7245371
puf_12_loopr4loopr4,4,1,87.98316332681657,63.931000000000004,91.26343454468628,0.06018518518518518,9.311704,2.2733066,7.6206393,34.796047,31.542135,4.1725016,93.63774626107555,14.757900402648602,2.9465973,1.719123,0.6330001,2.7245371
puf_12_loopr4loopr4,4,2,87.7807343118088,65.43207142857142,91.1653462510355,0.0625,9.446184,2.2895293,7.5283976,34.923138,31.642666,4.1858,94.40711124460967,15.301602734126687,2.9465973,1.719123,0.6330001,2.7245371
puf_12_loopr4loopr4,4,3,87.66432479374937,62.65149999999999,91.03535709442306,0.06712962962962964,9.545952,2.3552005,7.9441686,35.251633,31.878706,4.2170243,93.7980032824858,15.673694452301067,2.9465973,1.719123,0.6330001,2.7245371
puf_12_loopr4loopr4,4,4,87.95479065800319,64.928,91.21528127087676,0.06018518518518518,9.289098,2.250733,7.9654503,35.010387,31.754637,4.200612,96.49363811320433,15.036378129885547,2.9465973,1.719123,0.6330001,2.7245371
puf_12_r4loopr4,3,0,86.9512216006216,67.18928282828283,90.3071509172412,0.06481481481481481,10.32574,2.6170926,7.971827,34.97815,31.63865,4.185269,92.09261243577372,15.252144970692294,2.9436803,1.7175624,0.60400003,2.7916667
puf_12_r4loopr4,3,1,87.04464428210679,68.26163636363637,90.3430182437804,0.06018518518518518,10.219472,2.58249,8.050156,34.563084,31.506865,4.1678357,90.81301395435713,15.014686046526062,2.9436803,1.7175624,0.60400003,2.7916667
puf_12_r4loopr4,3,2,87.5111151959152,70.8267380952381,90.63928664789428,0.05324074074074074,9.897549,2.4613295,7.837389,34.176334,31.265682,4.1359315,89.87843695842514,14.561184164723745,2.9436803,1.7175624,0.60400003,2.7916667
puf_12_r4loopr4,3,3,86.87212274808525,66.92828571428572,90.19406986448482,0.06481481481481481,10.294241,2.6276665,8.265038,35.31243,31.939352,4.2250466,94.41877994724003,15.684236582154336,2.9436803,1.7175624,0.60400003,2.7916667
puf_12_r4loopr4,3,4,86.63586835941837,66.58985714285714,90.04141434183101,0.06944444444444445,10.480573,2.6887543,8.388313,34.985744,31.769846,4.202624,92.56075004650236,15.415367605157282,2.9436803,1.7175624,0.60400003,2.7916667
puf_11_loopr8,1,0,90.09861945168933,78.69963636363637,94.0536226788083,0.0,8.001923,1.6749357,6.738963,34.013096,30.103365,4.0993657,86.72349851236082,14.330858660083935,2.9398232,1.7749157,0.49999997,2.868687
puf_11_loopr8,1,1,90.36550141461943,79.27168181818182,94.19965463618873,0.0,7.867655,1.668213,6.715185,33.922253,30.123196,4.102066,87.00689811784744,14.290803682145869,2.9398232,1.7749157,0.49999997,2.868687
puf_11_loopr8,1,2,90.1927562313463,78.84654545454545,94.17436025751746,0.0,7.993012,1.6801951,6.879655,34.111515,30.164309,4.1076646,87.51256973101826,14.427705581230272,2.9398232,1.7749157,0.49999997,2.868687
puf_11_loopr8,1,3,90.24371678034413,78.85390909090908,94.1457224080633,0.0,7.931488,1.6955464,6.777098,33.467484,30.114054,4.100821,87.23264674523466,14.251775222763355,2.9398232,1.7749157,0.49999997,2.868687
puf_11_loopr8,1,4,90.20089033935929,79.04377777777779,94.10119597398952,0.0,8.025317,1.6959212,6.9574933,33.614563,30.107843,4.0999756,86.96129532335308,14.324970561848389,2.9398232,1.7749157,0.49999997,2.868687
puf12_r123_r5678_r56788,3,0,90.9615765819467,80.65042424242424,94.38498254369087,0.0,7.804806,1.5597014,6.3458457,34.849995,31.613258,4.18191,88.58190313012553,15.1873882790488,2.9201157,1.7477434,0.52,2.8541667
puf12_r123_r5678_r56788,3,1,90.69703186581215,80.27585714285713,94.06355653008256,0.0,8.022755,1.5952513,6.6969805,35.166153,31.689566,4.192004,90.19707810686508,15.357208283410847,2.9201157,1.7477434,0.52,2.8541667
puf12_r123_r5678_r56788,3,2,90.72344220102813,80.20225974025975,94.00658488238871,0.0,8.074085,1.6094809,6.873753,35.217083,31.735678,4.198104,90.10185619045554,15.449889785567272,2.9201157,1.7477434,0.52,2.8541667
puf12_r123_r5678_r56788,3,3,90.5761748786695,79.91766666666665,93.83203881907701,0.0,8.148805,1.6329004,6.912147,35.550312,31.97816,4.2301803,91.27926232715153,15.888395404101574,2.9201157,1.7477434,0.52,2.8541667
puf12_r123_r5678_r56788,3,4,91.03813696958423,80.935775,94.2169338248557,0.0,7.8182344,1.5480129,6.733879,34.76878,31.447361,4.1599646,88.7040464126373,14.947221023533581,2.9201157,1.7477434,0.52,2.8541667
puf_12_loopr4r4,3,0,89.40427388653015,74.460625,92.3877451649431,0.020833333333333332,8.854708,1.993999,7.336797,34.497704,31.513618,4.1687293,89.42272339764172,14.892030534762382,2.9536574,1.7293572,0.60500014,2.8263888
puf_12_loopr4r4,3,1,88.95415422355423,73.31466666666667,92.12550947971782,0.03009259259259259,8.950029,2.1125317,7.7672186,34.47364,31.522863,4.169952,88.06261641272867,15.029352125944468,2.9536574,1.7293572,0.60500014,2.8263888
puf_12_loopr4r4,3,2,89.24344585414586,73.57668055555555,92.2464932426113,0.027777777777777776,8.873141,2.0063818,8.034076,35.221725,31.909836,4.2211423,92.32159450709459,15.580907278541217,2.9536574,1.7293572,0.60500014,2.8263888
puf_12_loopr4r4,3,3,89.20706985930735,74.13250000000001,92.17065143080943,0.03009259259259259,9.054445,2.0485823,8.246132,34.89716,31.793476,4.2057495,90.95631966772298,15.500268956664591,2.9536574,1.7293572,0.60500014,2.8263888
puf_12_loopr4r4,3,4,89.28762505272505,74.08354545454546,92.26296590241034,0.02546296296296296,9.172637,2.0679402,8.317477,35.677303,32.24036,4.264865,93.78587441865916,16.213594576955327,2.9536574,1.7293572,0.60500014,2.8263888
puf_12_loopr4loopr4,2,0,87.59602681326686,62.94299999999999,91.15856578934184,0.05555555555555555,9.369067,2.280741,7.6032987,35.493126,32.04391,4.2388783,94.77288862548173,15.830368583450074,2.942801,1.7062229,0.641,2.7129629
puf_12_loopr4loopr4,2,1,87.17908276174593,61.676138888888886,90.83191192430253,0.06712962962962964,9.781865,2.393977,8.008116,35.167652,31.704649,4.1939993,94.6524134072575,15.114254216331442,2.942801,1.7062229,0.641,2.7129629
puf_12_loopr4loopr4,2,2,87.09532025390801,60.7325,90.69510031532253,0.06712962962962964,9.780349,2.4530194,7.9918776,34.8108,31.580193,4.177536,95.11349716986844,14.830306807544039,2.942801,1.7062229,0.641,2.7129629
puf_12_loopr4loopr4,2,3,86.9367924083612,59.7095,90.69334339676527,0.06944444444444445,9.869269,2.4846988,8.647256,35.25518,31.748175,4.199757,93.49899009152477,15.170975636286046,2.942801,1.7062229,0.641,2.7129629
puf_12_loopr4loopr4,2,4,87.2339502602605,61.278666666666666,90.81176386801215,0.06944444444444445,9.750019,2.404499,8.449482,34.450577,31.355513,4.1478143,91.02509074607947,14.44034518732406,2.942801,1.7062229,0.641,2.7129629
puf_11_loopr8,4,0,91.27054795365663,81.37111111111112,94.80258808958997,0.0,7.5743427,1.574641,6.5341296,33.726818,30.008776,4.086485,86.83971221860497,14.102625035244746,2.9373991,1.779031,0.45999998,2.8560605
puf_11_loopr8,4,1,91.07155020853313,81.20497142857144,94.58501601512964,0.0,7.6378293,1.5850464,6.511228,34.100357,30.131552,4.103204,87.00844060501447,14.238847010359553,2.9373991,1.779031,0.45999998,2.8560605
puf_11_loopr8,4,2,90.73903369169362,80.18232142857143,94.33578696689113,0.0,7.8118215,1.6353016,6.5912247,34.124043,30.263609,4.121187,87.36198795314802,14.50825936259618,2.9373991,1.779031,0.45999998,2.8560605
puf_11_loopr8,4,3,90.83509285774039,79.93387272727273,94.5046395976358,0.0,7.716349,1.6116228,6.7578998,33.99039,30.140799,4.104463,87.45837814588927,14.271624860890398,2.9373991,1.779031,0.45999998,2.8560605
puf_11_loopr8,4,4,90.79252940078096,80.55215584415585,94.43445334295335,0.0,7.80274,1.6208827,6.757733,34.119377,30.164135,4.1076407,87.46199987157861,14.410419431904364,2.9373991,1.779031,0.45999998,2.8560605
puf_12_loopr4r4,1,0,89.5989852938728,76.66358333333332,92.46698214369222,0.020833333333333332,8.707283,1.9634068,7.287752,34.616676,31.71935,4.1959443,90.79760222090609,15.321056549834122,2.96,1.7332103,0.6240001,2.8680556
puf_12_loopr4r4,1,1,89.43259894064269,75.812875,92.46769082190958,0.023148148148148147,8.829499,2.058844,7.8233137,34.682446,31.64275,4.185811,89.7150361438167,15.247989657668812,2.96,1.7332103,0.6240001,2.8680556
puf_12_loopr4r4,1,2,89.63921195401821,77.241,92.54757490329887,0.018518518518518517,8.872343,1.9878395,7.6917453,34.401585,31.449612,4.160262,89.37622633533864,14.75867403505616,2.96,1.7332103,0.6240001,2.8680556
puf_12_loopr4r4,1,3,89.64446794316794,76.86550000000001,92.52965411054994,0.018518518518518517,8.879509,1.9601347,8.072662,34.52443,31.567934,4.1759143,90.52524653270265,14.937860373004138,2.96,1.7332103,0.6240001,2.8680556
puf_12_loopr4r4,1,4,89.59706954850706,76.19511111111113,92.54797120093127,0.020833333333333332,8.808614,1.9665102,7.9456882,34.952282,31.84013,4.211921,91.72645730338805,15.470892978942961,2.96,1.7332103,0.6240001,2.8680556
puf_11_loopr8,3,0,91.11470139430386,80.62234545454545,94.5929120452359,0.0,7.553256,1.5683095,6.409484,34.13613,30.20175,4.1127634,87.27964580780483,14.384131256490587,2.9409094,1.778351,0.47499996,2.881313
puf_11_loopr8,3,1,90.95438879702078,80.11043636363635,94.53490052126605,0.0,7.7408857,1.6068202,6.4940276,34.375668,30.307035,4.1271005,88.0975824841097,14.564992305005017,2.9409094,1.778351,0.47499996,2.881313
puf_11_loopr8,3,2,91.11629427295732,80.58272727272727,94.59629423746847,0.0,7.56136,1.5665414,6.4175587,34.030903,30.211958,4.1141534,86.845735372637,14.502002872057071,2.9409094,1.778351,0.47499996,2.881313
puf_11_loopr8,3,3,90.92358243407158,80.33848484848487,94.51548339546255,0.0,7.711432,1.6098026,6.502357,34.43257,30.410234,4.141154,88.68423112736762,14.766124832847314,2.9409094,1.778351,0.47499996,2.881313
puf_11_loopr8,3,4,91.12205496028011,80.76115,94.58446759532553,0.0,7.6079407,1.5839809,6.596982,33.871864,30.008312,4.0864215,86.16478409629693,14.017840757669088,2.9409094,1.778351,0.47499996,2.881313
puf_11_r8,1,0,91.03587133110821,79.37988636363636,94.71629616420338,0.0,7.6787558,1.613266,6.4760747,33.67358,29.921114,4.0745473,85.82991806319234,13.94824644240145,2.9235606,1.7796568,0.48499998,2.8434343
puf_11_r8,1,1,90.90042484266435,79.58134920634922,94.61649290979786,0.0,7.693397,1.6044288,6.7023997,33.95022,30.0982,4.0986624,87.38564963822978,14.216448897500385,2.9235606,1.7796568,0.48499998,2.8434343
puf_11_r8,1,2,90.69237152967247,78.6935606060606,94.46024672045127,0.0,7.766657,1.6240604,6.7488046,33.574085,29.892784,4.070689,85.66503245231215,13.973882595086039,2.9235606,1.7796568,0.48499998,2.8434343
puf_11_r8,1,3,90.77820617034693,79.65863636363636,94.53177574263559,0.0,7.7648325,1.6146768,6.7640595,33.930542,30.099342,4.098818,86.90611569494467,14.43005061604582,2.9235606,1.7796568,0.48499998,2.8434343
puf_11_r8,1,4,90.8438706588696,79.5388383838384,94.5352979652222,0.0,7.9900665,1.6753956,7.0925097,33.606224,29.991253,4.0840983,86.19455704871741,14.129840831054064,2.9235606,1.7796568,0.48499998,2.8434343
puf12_r123_r5678_r56788,4,0,90.71021215503247,80.12045454545454,94.10484703934182,0.0,7.918476,1.5742308,6.7055593,35.30198,31.965263,4.228474,90.2715120588578,15.812495464786442,2.9188428,1.7423681,0.522,2.8495371
puf12_r123_r5678_r56788,4,1,90.47223590114314,79.59116666666668,93.88291777731014,0.0,8.044942,1.5836431,6.8601346,35.153328,31.689936,4.192053,89.93431056340604,15.428033684145074,2.9188428,1.7423681,0.522,2.8495371
puf12_r123_r5678_r56788,4,2,90.79176239233857,80.76003333333334,94.03960157126824,0.0,7.887175,1.5635717,6.7238207,34.752552,31.50499,4.1675878,89.54476414059506,15.059414567113478,2.9188428,1.7423681,0.522,2.8495371
puf12_r123_r5678_r56788,4,3,90.52920561009086,80.14339772727273,93.83519570456549,0.0,8.018082,1.5900415,6.933662,35.28469,31.75729,4.200963,90.26767312141574,15.456702618805604,2.9188428,1.7423681,0.522,2.8495371
puf12_r123_r5678_r56788,4,4,90.35656282693,79.20622222222222,93.69174386557373,0.0,8.167352,1.6228923,7.0875225,35.248695,31.891682,4.2187405,91.37617079415162,15.671582061043605,2.9188428,1.7423681,0.522,2.8495371
puf12_r123_r567_r5loop67_loopr678,4,0,88.70043070301055,71.83242424242425,92.62493417558522,0.013888888888888888,8.7304945,1.9274132,7.5763674,33.955494,30.895216,4.0869246,85.6731711243902,14.543476141164966,3.050162,1.7485706,0.58100003,3.0185184
puf12_r123_r567_r5loop67_loopr678,4,1,88.60420539795015,71.293125,92.57845255130673,0.011574074074074073,8.892957,1.9571906,7.5880814,33.837532,30.889698,4.086195,85.16209500554878,14.35857251963438,3.050162,1.7485706,0.58100003,3.0185184
puf12_r123_r567_r5loop67_loopr678,4,2,88.70002483896543,73.01301136363637,92.9010251589974,0.006944444444444444,8.871718,1.9525083,7.567454,33.86895,30.862255,4.082565,85.42228655575398,14.299310504068512,3.050162,1.7485706,0.58100003,3.0185184
puf12_r123_r567_r5loop67_loopr678,4,3,88.35497807104174,71.75150000000002,92.50289779908879,0.013888888888888888,9.053364,2.0249722,7.841847,34.264668,31.173414,4.123726,86.83883221603399,14.866003750931542,3.050162,1.7485706,0.58100003,3.0185184
puf12_r123_r567_r5loop67_loopr678,4,4,88.48738131518883,72.16166666666666,92.34256791543076,0.018518518518518517,9.368354,2.020774,12.792126,33.150158,30.394176,4.0206456,83.18620913868214,13.646403834154944,3.050162,1.7485706,0.58100003,3.0185184
puf12_r123_r567_r6loopr7_r5678,2,0,91.21967554918855,79.81933333333333,94.30685260258004,0.006944444444444444,7.318487,1.5272206,6.5033197,33.88529,30.891014,4.086369,85.3672216902285,14.314586277141256,3.0267823,1.7834724,0.592,2.9814816
puf12_r123_r567_r6loopr7_r5678,2,1,90.89005077335425,80.2311111111111,94.24894895465901,0.006944444444444444,7.7255073,1.6086445,6.940351,34.52007,31.367317,4.149376,87.79203904489084,15.170915211642871,3.0267823,1.7834724,0.592,2.9814816
puf12_r123_r567_r6loopr7_r5678,2,2,90.88597059085208,80.23545454545454,94.20233351788387,0.006944444444444444,7.690987,1.6057891,6.6846676,34.38807,31.332895,4.1448226,87.20014705393845,15.094120844633462,3.0267823,1.7834724,0.592,2.9814816
puf12_r123_r567_r6loopr7_r5678,2,3,91.02777032783102,80.47844444444445,94.30721279427877,0.006944444444444444,7.7534785,1.6158144,6.937661,34.451836,31.302122,4.140752,87.20799548405337,15.048658681694215,3.0267823,1.7834724,0.592,2.9814816
puf12_r123_r567_r6loopr7_r5678,2,4,90.86812100289991,79.85571428571428,94.30415870677678,0.006944444444444444,7.8535028,1.6280489,6.8959985,34.320107,31.195122,4.1265974,86.74131012926051,14.907398679754207,3.0267823,1.7834724,0.592,2.9814816
puf12_r123_r567_r6loopr7_r5loop678,2,0,88.75081929698946,70.65354166666665,92.29095524440837,0.04398148148148148,8.716016,2.0657237,7.099598,34.831367,31.66724,4.1890507,90.51275214916184,15.759230082890708,3.0243983,1.7521939,0.642,2.8680556
puf12_r123_r567_r6loopr7_r5loop678,2,1,88.54453299699877,70.18768181818182,92.03944332712042,0.04398148148148148,8.842944,2.1051452,7.153766,33.643536,30.99042,4.099519,88.37861625726921,14.61738587065209,3.0243983,1.7521939,0.642,2.8680556
puf12_r123_r567_r6loopr7_r5loop678,2,2,88.48994700810385,70.87930555555556,92.0495809099594,0.04398148148148148,8.868766,2.116631,7.295065,34.692787,31.557083,4.174479,89.89902753519671,15.57205131765623,3.0243983,1.7521939,0.642,2.8680556
puf12_r123_r567_r6loopr7_r5loop678,2,3,88.85866600894879,71.86583333333334,92.41862410730988,0.037037037037037035,8.798702,2.066139,7.262679,34.32793,31.195095,4.1265936,86.81907971175126,14.988300672635015,3.0243983,1.7521939,0.642,2.8680556
puf12_r123_r567_r6loopr7_r5loop678,2,4,88.39942828612031,69.69363636363636,92.00509087902839,0.046296296296296294,8.91874,2.1303024,7.36488,34.61554,31.333515,4.1449046,89.56691534978202,15.1435983541519,3.0243983,1.7521939,0.642,2.8680556
puf12_r123_r567_r6loopr7_r5678,3,0,90.6831807088223,77.36490909090908,94.55441875851773,0.006944444444444444,7.6097417,1.5702307,6.4290276,34.45486,31.34427,4.1463275,87.08887020017723,15.127031256720967,3.021759,1.78002,0.591,2.9444444
puf12_r123_r567_r6loopr7_r5678,3,1,90.64273393027439,77.25532467532469,94.53504106291085,0.006944444444444444,7.5898,1.5655311,6.5431824,34.326202,31.352528,4.1474195,87.0911278964889,15.150468659843206,3.021759,1.78002,0.591,2.9444444
puf12_r123_r567_r6loopr7_r5678,3,2,90.89984845704498,79.044,94.73272681343862,0.004629629629629629,7.5168204,1.5358857,6.502935,34.188816,31.27494,4.137156,86.78623968593323,14.821966929976814,3.021759,1.78002,0.591,2.9444444
puf12_r123_r567_r6loopr7_r5678,3,3,90.67555986996305,78.37482828282828,94.55911313949683,0.006944444444444444,7.6814837,1.5771779,6.5917225,35.183308,31.770643,4.202729,88.9962633959024,15.789774843297378,3.021759,1.78002,0.591,2.9444444
puf12_r123_r567_r6loopr7_r5678,3,4,90.70397264483536,76.94300000000001,94.6025452257362,0.006944444444444444,7.637427,1.574798,6.6392326,34.261314,31.2706,4.136582,86.64957842945942,14.811953950290532,3.021759,1.78002,0.591,2.9444444
puf12_r123_r567_r5loop67_r678,4,0,90.77581002218719,79.2835,93.97395283773582,0.023148148148148147,7.723805,1.7709973,6.6006894,34.51504,31.510622,4.1683326,88.4365495240114,15.26688455975059,3.0512965,1.7637346,0.6730001,2.9351852
puf12_r123_r567_r5loop67_r678,4,1,90.32857003283593,78.25166666666667,93.63248683595211,0.023148148148148147,7.9636507,1.8932507,6.47427,34.28896,31.271679,4.1367245,87.25445144072918,14.978351962606773,3.0512965,1.7637346,0.6730001,2.9351852
puf12_r123_r567_r5loop67_r678,4,2,90.5567250588739,79.6209090909091,93.65068133217092,0.023148148148148147,8.182595,1.7766584,7.014295,34.743958,31.608683,4.1813045,88.48610870882294,14.729363159240117,3.0512965,1.7637346,0.6730001,2.9351852
puf12_r123_r567_r5loop67_r678,4,3,90.8354461689563,79.94109090909092,93.79072297963096,0.023148148148148147,8.038937,1.7281985,7.058826,34.467854,31.508526,4.1680555,87.98290946338892,14.78191813853048,3.0512965,1.7637346,0.6730001,2.9351852
puf12_r123_r567_r5loop67_r678,4,4,90.52677524835472,79.48163636363637,93.70131060021512,0.023148148148148147,8.128423,1.734423,7.1589665,34.861366,31.625032,4.1834674,88.6752737813382,14.889313116886644,3.0512965,1.7637346,0.6730001,2.9351852
puf12_r123_r567_r6r7_r5678,1,0,91.60687055896577,80.18299999999999,94.8046224288186,0.0,7.5639663,1.5121071,6.6642957,34.64079,31.558475,4.174663,87.73232216092399,15.57111053182277,3.004815,1.8003289,0.45999998,2.9907408
puf12_r123_r567_r6r7_r5678,1,1,91.74260532149057,80.80890909090908,94.8421797280009,0.0,7.4413743,1.4801716,6.6519527,34.299767,31.330435,4.144497,86.97039102755699,15.216049730534873,3.004815,1.8003289,0.45999998,2.9907408
puf12_r123_r567_r6r7_r5678,1,2,91.69563113064237,80.19727272727272,94.8414527742705,0.0,7.5690727,1.5195752,6.739543,34.275993,31.446922,4.1599064,87.58591311653282,15.43301690839976,3.004815,1.8003289,0.45999998,2.9907408
puf12_r123_r567_r6r7_r5678,1,3,91.61528705582612,80.608875,94.72995604357062,0.0,7.614385,1.5198292,6.909728,33.648098,31.065786,4.1094885,85.81792011369006,14.72140490665491,3.004815,1.8003289,0.45999998,2.9907408
puf12_r123_r567_r6r7_r5678,1,4,91.69185755363341,80.66775000000001,94.73458389784085,0.0,7.459627,1.4906888,6.768329,33.943653,31.20135,4.1274214,86.48482882286467,15.11935230569943,3.004815,1.8003289,0.45999998,2.9907408
puf12_r123_r5678_r5loop6788,2,0,88.94375240222205,74.81333333333335,92.48484948192241,0.034722222222222224,8.98632,2.0070372,7.470142,35.262558,31.763258,4.201752,90.16860621642033,15.586578269039157,2.9436808,1.7232378,0.582,2.8194444
puf12_r123_r5678_r5loop6788,2,1,89.10079067929502,75.40284848484848,92.62776119578723,0.034722222222222224,8.80109,1.9704617,7.1892843,35.126965,31.664894,4.1887403,89.43239738504764,15.41921625244724,2.9436808,1.7232378,0.582,2.8194444
puf12_r123_r5678_r5loop6788,2,2,88.86675147219512,74.79444444444445,92.40854025289269,0.034722222222222224,8.859883,1.9807682,7.1546984,34.960705,31.562122,4.1751456,88.67684217315124,15.259034915280674,2.9436808,1.7232378,0.582,2.8194444
puf12_r123_r5678_r5loop6788,2,3,88.87400926273469,74.78169696969697,92.39209067610629,0.034722222222222224,9.004166,2.0128164,7.351675,34.94816,31.541622,4.1724334,88.5355304875622,15.273660310862844,2.9436808,1.7232378,0.582,2.8194444
puf12_r123_r5678_r5loop6788,2,4,89.20564285575269,75.11285714285715,92.60146431243653,0.034722222222222224,8.814338,1.9555211,7.312087,34.551758,31.224583,4.1304946,86.76869289406396,14.683564294753815,2.9436808,1.7232378,0.582,2.8194444
puf12_r123_r5678_r5loop6788,1,0,89.49330118345581,75.02650505050505,92.98662458497007,0.032407407407407406,8.601891,1.8749436,6.867052,34.516212,31.41546,4.1557446,86.56821790224811,14.9642582972898,2.938588,1.7263633,0.58100003,2.7916667
puf12_r123_r5678_r5loop6788,1,1,89.19720030750666,75.12335064935066,92.72730233719469,0.034722222222222224,8.794072,1.9369276,6.9837556,34.86683,31.656284,4.1876016,88.87999040919135,15.349181298402101,2.938588,1.7263633,0.58100003,2.7916667
puf12_r123_r5678_r5loop6788,1,2,89.20949127456787,75.772,92.61971112079794,0.034722222222222224,8.798389,1.9672384,7.031718,34.450493,31.429138,4.1575537,87.2421815598139,14.865175081925821,2.938588,1.7263633,0.58100003,2.7916667
puf12_r123_r5678_r5loop6788,1,3,89.1762076045342,75.4290909090909,92.66907318973465,0.034722222222222224,8.8523855,1.9580694,7.351934,35.07069,31.665686,4.188845,89.30420441557992,15.257221087378959,2.938588,1.7263633,0.58100003,2.7916667
puf12_r123_r5678_r5loop6788,1,4,89.1251191324197,75.30579999999999,92.5579976960411,0.034722222222222224,8.809972,1.951607,7.2729583,35.293793,31.844816,4.212541,89.77854010863425,15.690252686586785,2.938588,1.7263633,0.58100003,2.7916667
puf12_r123_r567_r6r7_r5678,3,0,91.61710240941784,81.37156818181819,95.32280837892819,0.0,7.2846127,1.4563524,6.3378224,34.513878,31.354033,4.147619,86.71298505419779,15.12947909750746,3.0019445,1.7955064,0.50100005,2.9467592
puf12_r123_r567_r6r7_r5678,3,1,91.75076242334055,81.19745454545455,95.3375076793063,0.0,7.312563,1.4702913,6.4846835,34.571102,31.499805,4.166902,87.70728319482204,15.457030425987382,3.0019445,1.7955064,0.50100005,2.9467592
puf12_r123_r567_r6r7_r5678,3,2,91.62800738410894,80.704,95.32215575396825,0.0,7.245425,1.4452673,6.250338,34.235584,31.322351,4.143428,86.78606747297384,15.021853806259168,3.0019445,1.7955064,0.50100005,2.9467592
puf12_r123_r567_r6r7_r5678,3,3,91.4477660787563,80.63745454545455,95.19117899230399,0.0,7.455954,1.507068,6.5243464,34.937992,31.680178,4.190762,88.27106652192198,15.701780331126914,3.0019445,1.7955064,0.50100005,2.9467592
puf12_r123_r567_r6r7_r5678,3,4,91.64174552303166,81.0156818181818,95.21106654424537,0.0,7.39364,1.4880238,6.602073,33.906384,31.183195,4.1250196,86.4733732131066,14.846340744792903,3.0019445,1.7955064,0.50100005,2.9467592
puf12_r123_r567_r6loopr7_r5678,1,0,91.75364157262135,81.62241666666667,95.2143316231094,0.0,6.778159,1.3694106,5.9825478,34.172283,31.314522,4.142392,87.17238182538924,14.836671914865043,3.017454,1.777785,0.59999996,2.9398148
puf12_r123_r567_r6loopr7_r5678,1,1,90.83348520019906,77.98890909090909,94.77978757649244,0.006944444444444444,7.5664277,1.5744054,6.3331776,34.146786,31.16291,4.1223364,86.30513911527875,14.905783808823891,3.017454,1.777785,0.59999996,2.9398148
puf12_r123_r567_r6loopr7_r5678,1,2,90.70179805208707,77.26654545454547,94.62626955066537,0.006944444444444444,7.54107,1.5691794,6.4345484,33.911125,31.14062,4.1193876,86.13306795154297,14.817759702379064,3.017454,1.777785,0.59999996,2.9398148
puf12_r123_r567_r6loopr7_r5678,1,3,90.70931735327399,77.61155555555555,94.50592438605634,0.006944444444444444,7.512641,1.544059,6.380169,33.926056,31.075764,4.1108084,85.89654070755934,14.555477652745846,3.017454,1.777785,0.59999996,2.9398148
puf12_r123_r567_r6loopr7_r5678,1,4,90.80269682581388,77.91187301587301,94.61752078489926,0.006944444444444444,7.477397,1.5230892,6.5680976,34.73808,31.522848,4.16995,87.84155939588562,15.348793276334707,3.017454,1.777785,0.59999996,2.9398148
puf12_r123_r567_r6loopr7_r5loop678,4,0,88.41863776343006,70.50448051948052,92.22145111832613,0.03935185185185185,9.016125,2.1192687,7.3302364,34.57295,31.478937,4.164141,89.31478004077438,15.284628793259815,3.018912,1.7506565,0.64100003,2.8587964
puf12_r123_r567_r6loopr7_r5loop678,4,1,88.58655114219326,71.03954545454546,92.26609381012506,0.037037037037037035,8.914064,2.0952327,7.271132,35.033134,31.801926,4.206867,91.54756538914866,15.747390291311826,3.018912,1.7506565,0.64100003,2.8587964
puf12_r123_r567_r6loopr7_r5loop678,4,2,88.54304739683639,71.27829545454546,92.23238619745737,0.041666666666666664,8.7658615,2.0875137,7.194845,34.346264,31.344007,4.1462927,86.91135954510119,15.102380546846149,3.018912,1.7506565,0.64100003,2.8587964
puf12_r123_r567_r6loopr7_r5loop678,4,3,88.45323382727327,71.08744047619048,92.14812718120356,0.03935185185185185,8.831889,2.0929935,7.29298,34.922,31.7073,4.1943502,91.60186823688494,15.692929205230858,3.018912,1.7506565,0.64100003,2.8587964
puf12_r123_r567_r6loopr7_r5loop678,4,4,88.73705523595542,71.79200757575758,92.32035682636551,0.041666666666666664,8.674195,2.0080826,7.3693624,34.71841,31.629927,4.184115,90.70282283006806,15.647895780382836,3.018912,1.7506565,0.64100003,2.8587964
puf12_r123_r567_r567_r678,2,0,91.33579884503517,80.07372727272727,95.09358717966704,0.0,7.4737806,1.4822661,6.6319637,34.687225,31.508337,4.1680307,88.62918361180058,15.38803630523961,3.0192363,1.7722443,0.58,2.9629629
puf12_r123_r567_r567_r678,2,1,91.79877046201412,81.4695,95.26048947894957,0.0,7.160414,1.4231582,6.3926754,34.31243,31.245817,4.1333036,86.9886174748117,14.994015823744437,3.0192363,1.7722443,0.58,2.9629629
puf12_r123_r567_r567_r678,2,2,91.38107384743078,80.12124999999999,95.02970179055771,0.0,7.3358245,1.4535455,6.6378455,34.55057,31.525625,4.1703176,88.28516838137718,15.596768791340105,3.0192363,1.7722443,0.58,2.9629629
puf12_r123_r567_r567_r678,2,3,91.46815792269797,80.97032142857144,95.06703406585699,0.0,7.417619,1.4915427,6.564145,34.594196,31.62962,4.1840744,89.47254231105076,15.728174220041621,3.0192363,1.7722443,0.58,2.9629629
puf12_r123_r567_r567_r678,2,4,91.21735417371258,79.76836363636365,95.03782238055155,0.0,7.55611,1.5045276,6.732955,34.48835,31.333605,4.1449165,87.68427276617942,15.155664467421804,3.0192363,1.7722443,0.58,2.9629629
puf12_r123_r567_r6r7_r5678,4,0,91.78169306203779,81.4121818181818,95.15485168316765,0.0,7.1902833,1.4224477,6.467608,34.51719,31.598583,4.179969,87.76504085668121,15.575098584201479,3.001713,1.7964708,0.50100005,2.9583333
puf12_r123_r567_r6r7_r5678,4,1,91.67641244194175,81.48593333333332,95.215205465702,0.0,7.3909335,1.4768822,6.601863,34.59972,31.362926,4.148795,87.26967388113543,15.23641757707873,3.001713,1.7964708,0.50100005,2.9583333
puf12_r123_r567_r6r7_r5678,4,2,91.63888429425393,80.85354545454545,95.20095435171825,0.0,7.3526044,1.4640347,6.651472,34.1472,31.384243,4.151615,86.71947365548093,15.14685523979533,3.001713,1.7964708,0.50100005,2.9583333
puf12_r123_r567_r6r7_r5678,4,3,91.77067514289097,81.01154545454546,95.25316334058174,0.0,7.3416414,1.452976,6.600331,34.652843,31.46729,4.162601,87.60092583268259,15.253484309622563,3.001713,1.7964708,0.50100005,2.9583333
puf12_r123_r567_r6r7_r5678,4,4,91.7410216555905,81.92354545454546,95.13572831990541,0.0,7.3020887,1.4461706,6.739829,34.490597,31.459198,4.16153,88.22811934665658,15.299637779964373,3.001713,1.7964708,0.50100005,2.9583333
puf12_r123_r567_r6loopr7_r5loop678,3,0,88.58554014410811,70.70357142857142,92.37470179723826,0.037037037037037035,8.764947,2.0167294,7.0244074,34.827763,31.519165,4.1694627,90.00943244711121,15.537848969490463,3.0191898,1.7522521,0.6350001,2.8541667
puf12_r123_r567_r6loopr7_r5loop678,3,1,88.35847455132532,69.36772727272728,92.15659932910455,0.041666666666666664,8.886368,2.0824678,7.2217684,34.93498,31.631798,4.1843624,90.09689454387865,15.594209429134414,3.0191898,1.7522521,0.6350001,2.8541667
puf12_r123_r567_r6loopr7_r5loop678,3,2,88.85487291368327,71.90244047619048,92.4665103790885,0.032407407407407406,8.567714,1.9757746,7.1593084,34.28534,31.39709,4.1533146,89.29819535374921,15.100034620339027,3.0191898,1.7522521,0.6350001,2.8541667
puf12_r123_r567_r6loopr7_r5loop678,3,3,88.83732134421345,71.8968888888889,92.50479503032976,0.03935185185185185,8.69666,2.025479,7.2539263,34.24488,31.303682,4.1409583,86.54755662394976,15.02556854607714,3.0191898,1.7522521,0.6350001,2.8541667
puf12_r123_r567_r6loopr7_r5loop678,3,4,88.59541932017073,71.36224999999999,92.29368188248225,0.037037037037037035,8.981576,2.0984597,7.376938,35.326878,31.912079,4.221439,92.34418174991836,16.07913807118718,3.0191898,1.7522521,0.6350001,2.8541667
puf12_r123_r567_r5loop67_r678,1,0,90.558937601309,79.90333333333334,93.79687511690985,0.016203703703703703,7.9587245,1.7642515,6.7448716,34.078735,31.149681,4.1205864,86.64912468684567,14.793850157483611,3.0479167,1.7522422,0.67,2.9537036
puf12_r123_r567_r5loop67_r678,1,1,90.46535005296565,79.71772727272727,93.71341967041445,0.020833333333333332,7.970111,1.7911004,7.0104637,34.376884,31.2646,4.1357884,87.20711305597841,14.880542950981523,3.0479167,1.7522422,0.67,2.9537036
puf12_r123_r567_r5loop67_r678,1,2,90.09933977470828,79.09236363636364,93.45027717986744,0.020833333333333332,8.272929,1.8429565,7.1255965,34.37813,31.17109,4.1234183,86.57686234914344,14.88872320626319,3.0479167,1.7522422,0.67,2.9537036
puf12_r123_r567_r5loop67_r678,1,3,90.29918216850585,79.315,93.57079316728795,0.020833333333333332,8.078351,1.813255,6.851682,33.902504,31.00433,4.101359,86.09148290229301,14.433324200079463,3.0479167,1.7522422,0.67,2.9537036
puf12_r123_r567_r5loop67_r678,1,4,90.1368424702572,79.43316363636363,93.46030353969589,0.020833333333333332,8.153978,1.8119489,7.122596,34.706734,31.457014,4.1612415,87.78183336989001,15.286629109423973,3.0479167,1.7522422,0.67,2.9537036
puf12_r123_r567_r6loopr7_r5loop678,1,0,88.8397151821035,71.65118181818183,92.62632487323633,0.034722222222222224,8.636389,1.9878287,7.0403695,34.348618,31.33719,4.1453905,89.9438697094456,15.28251025177419,3.0263886,1.7570776,0.67100006,2.8773148
puf12_r123_r567_r6loopr7_r5loop678,1,1,88.67847339843301,70.5800909090909,92.51462051066218,0.03935185185185185,8.800596,2.0839913,7.10302,34.18792,31.31822,4.1428814,86.72784215338271,15.118921740025694,3.0263886,1.7570776,0.67100006,2.8773148
puf12_r123_r567_r6loopr7_r5loop678,1,2,88.69312893533379,70.76957142857144,92.63500769266741,0.034722222222222224,8.724572,2.021629,7.143346,34.907154,31.656897,4.1876826,88.54971044281167,15.65762706217601,3.0263886,1.7570776,0.67100006,2.8773148
puf12_r123_r567_r6loopr7_r5loop678,1,3,88.81618136690095,70.78540909090908,92.57156077725001,0.03935185185185185,8.791737,2.059996,7.1200643,34.137028,31.343029,4.146163,90.05054538527475,15.215002747957183,3.0263886,1.7570776,0.67100006,2.8773148
puf12_r123_r567_r6loopr7_r5loop678,1,4,88.50746883830155,69.58532467532467,92.21009743516514,0.04398148148148148,8.841944,2.0834305,7.2518573,33.8679,31.214685,4.129185,86.1816711823826,14.813641385392451,3.0263886,1.7570776,0.67100006,2.8773148
puf12_r123_r567_r567_r678,6,0,91.70339267113096,80.74945454545453,94.845375475155,0.0,7.4098654,1.4588661,6.596364,34.4767,31.489683,4.165563,88.01106290795768,15.363101919316016,3.031991,1.7815062,0.56100005,2.9745371
puf12_r123_r567_r567_r678,6,1,91.70657112912045,81.26712500000001,94.82747990069345,0.0,7.448475,1.4599004,6.5589094,34.451733,31.497372,4.16658,88.22675388014132,15.415490097280289,3.031991,1.7815062,0.56100005,2.9745371
puf12_r123_r567_r567_r678,6,2,91.60999442950713,80.68591666666667,94.75737653819945,0.0,7.5307975,1.4840772,6.7863207,34.030502,31.296267,4.139977,87.0475922093142,15.08389852909383,3.031991,1.7815062,0.56100005,2.9745371
puf12_r123_r567_r567_r678,6,3,91.47165993571315,80.45637121212123,94.66307315967212,0.0,7.60415,1.4966815,6.727486,34.88186,31.712578,4.1950483,88.76137469024077,15.831254221741473,3.031991,1.7815062,0.56100005,2.9745371
puf12_r123_r567_r567_r678,6,4,91.649833789908,80.67555454545455,94.8536579919566,0.0,7.4068084,1.4602534,6.640069,34.646893,31.564123,4.1754103,88.39643120718016,15.524727779375583,3.031991,1.7815062,0.56100005,2.9745371
puf12_r123_r567_r5loop67_r678,3,0,90.76522760636922,80.20939393939393,93.81326133607905,0.023148148148148147,8.17931,1.7709742,6.897799,34.4095,31.414972,4.1556797,87.57689828098623,14.544559977425328,3.0620604,1.763604,0.70100003,2.9699075
puf12_r123_r567_r5loop67_r678,3,1,90.4655178574904,79.6530909090909,93.72763175488348,0.02546296296296296,8.197616,1.8438884,6.938721,35.252243,31.865595,4.2152896,90.0488788137833,15.641329112596411,3.0620604,1.763604,0.70100003,2.9699075
puf12_r123_r567_r5loop67_r678,3,2,90.93777535678836,80.16727272727273,94.03676605840148,0.023148148148148147,8.08617,1.7138036,6.9114943,34.336014,31.384037,4.1515875,87.38523022453478,14.551965311920146,3.0620604,1.763604,0.70100003,2.9699075
puf12_r123_r567_r5loop67_r678,3,3,90.98160859697998,80.19254545454545,94.01406063111271,0.023148148148148147,7.65209,1.7051708,6.5976663,33.877975,31.13143,4.118172,86.5564758242668,14.516121179639143,3.0620604,1.763604,0.70100003,2.9699075
puf12_r123_r567_r5loop67_r678,3,4,90.79797690433095,79.96894545454545,93.84875455029795,0.023148148148148147,8.073273,1.7583588,7.0174003,34.391865,31.494005,4.166135,88.0170147433084,14.550117511793427,3.0620604,1.763604,0.70100003,2.9699075
puf12_r123_r567_r567_r678,5,0,91.70339267113096,80.74945454545453,94.845375475155,0.0,7.4098654,1.4588661,6.596364,34.4767,31.489683,4.165563,88.01106290795768,15.363101919316016,3.031991,1.7815062,0.56100005,2.9745371
puf12_r123_r567_r567_r678,5,1,91.70654478800279,81.26712500000001,94.82740757108117,0.0,7.448475,1.4599004,6.5589094,34.451733,31.497372,4.16658,88.22675388014132,15.415490097280289,3.031991,1.7815062,0.56100005,2.9745371
puf12_r123_r567_r567_r678,5,2,91.60988375594675,80.68412500000001,94.75734912952275,0.0,7.5307975,1.4840772,6.7863207,34.030502,31.296267,4.139977,87.0475922093142,15.08389852909383,3.031991,1.7815062,0.56100005,2.9745371
puf12_r123_r567_r567_r678,5,3,91.47154926215279,80.4557196969697,94.66304575099541,0.0,7.60415,1.4966815,6.727486,34.88186,31.712578,4.1950483,88.76137469024077,15.831254221741473,3.031991,1.7815062,0.56100005,2.9745371
puf12_r123_r567_r567_r678,5,4,91.6501931437703,80.66870909090909,94.85409590531638,0.0,7.4068084,1.4602534,6.640069,34.646893,31.564123,4.1754103,88.39643120718016,15.524727779375583,3.031991,1.7815062,0.56100005,2.9745371
puf12_r123_r567_r5loop67_loopr678,2,0,89.27697154667258,75.90762626262625,92.70570972623055,0.023148148148148147,8.86556,1.9276483,7.489697,33.743984,30.754831,4.068354,85.29186539866002,14.290103969918283,3.0517595,1.7589455,0.63100004,3.0092592
puf12_r123_r567_r5loop67_loopr678,2,1,89.19480337527914,74.65161616161618,92.6275491931551,0.02546296296296296,8.921909,1.9783802,7.8144126,34.48529,31.271057,4.1366425,87.17178176097715,15.247755321675214,3.0517595,1.7589455,0.63100004,3.0092592
puf12_r123_r567_r5loop67_loopr678,2,2,89.28886440998798,75.73795454545456,92.7019163902584,0.018518518518518517,8.943593,1.9562093,7.8238006,33.08731,30.45289,4.0284123,83.90866393514588,13.749118520246583,3.0517595,1.7589455,0.63100004,3.0092592
puf12_r123_r567_r5loop67_loopr678,2,3,89.03458328189554,75.11090909090908,92.50484451492439,0.018518518518518517,8.939108,1.9651854,8.264646,34.26158,31.005905,4.1015673,85.98253304959455,14.711487160770805,3.0517595,1.7589455,0.63100004,3.0092592
puf12_r123_r567_r5loop67_loopr678,2,4,89.33738988403866,76.07642857142858,92.72336874615868,0.011574074074074073,8.797809,1.923989,8.137233,34.320827,31.220325,4.1299314,87.44565846394946,15.067735107916748,3.0517595,1.7589455,0.63100004,3.0092592
puf12_r123_r5678_r5loop6788,4,0,89.13976428682643,75.12134545454546,92.65273710233953,0.034722222222222224,8.834168,1.9756733,7.1599154,35.256912,31.779398,4.2038875,89.28443486650147,15.531729522374023,2.9436114,1.7286438,0.554,2.7870371
puf12_r123_r5678_r5loop6788,4,1,89.22493571692705,75.18901818181818,92.72508511704345,0.034722222222222224,8.836551,1.977148,7.1631694,35.11212,31.75791,4.201045,89.60871622346596,15.47949133013404,2.9436114,1.7286438,0.554,2.7870371
puf12_r123_r5678_r5loop6788,4,2,88.99159563290489,74.56054545454546,92.61034268278017,0.034722222222222224,8.745453,1.971721,6.853335,34.693287,31.454119,4.160858,88.03740844811462,15.042177246583917,2.9436114,1.7286438,0.554,2.7870371
puf12_r123_r5678_r5loop6788,4,3,89.03424193142544,75.94847272727274,92.55629880735262,0.034722222222222224,8.934078,1.9966484,7.401986,35.001457,31.73707,4.198288,89.69139701533399,15.488457165244398,2.9436114,1.7286438,0.554,2.7870371
puf12_r123_r5678_r5loop6788,4,4,89.08957654649996,75.01652727272729,92.62695089452728,0.034722222222222224,8.846174,1.9825017,7.3544016,35.258247,31.805357,4.207321,90.65421405782708,15.532436220819639,2.9436114,1.7286438,0.554,2.7870371
puf12_r123_r567_r567_r678,3,0,91.45035419485029,80.98168181818183,95.1480393109334,0.0,7.398255,1.4583449,6.2633715,34.485874,31.509602,4.1681976,87.93524843006358,15.237128358201792,3.0210187,1.7738456,0.55100006,2.9722223
puf12_r123_r567_r567_r678,3,1,91.4717745472301,80.78445454545455,95.07443051046175,0.0,7.3435717,1.43806,6.503553,34.81006,31.666042,4.1888924,89.06062737061201,15.666499486884462,3.0210187,1.7738456,0.55100006,2.9722223
puf12_r123_r567_r567_r678,3,2,91.35612459767879,80.63056818181819,95.0473529491342,0.0,7.4667454,1.4720618,6.3866367,34.760963,31.533264,4.171328,88.03649799015385,15.38126226777208,3.0210187,1.7738456,0.55100006,2.9722223
puf12_r123_r567_r567_r678,3,3,91.3988247260552,80.67268181818181,95.06381359227193,0.0,7.4124126,1.4658539,6.434676,35.068882,31.813566,4.2084074,89.48621541514497,15.855647700529223,3.0210187,1.7738456,0.55100006,2.9722223
puf12_r123_r567_r567_r678,3,4,91.50705822031699,80.49459999999999,95.11447896207446,0.0,7.3801236,1.4665334,6.5109005,34.137188,31.339016,4.1456323,87.58239073470858,15.08420821278102,3.0210187,1.7738456,0.55100006,2.9722223
puf12_r123_r567_r5loop67_loopr678,3,0,88.89671025642082,74.7674025974026,92.39843114428011,0.020833333333333332,9.003544,2.0042722,7.594538,34.300137,31.131935,4.118239,86.43063413407147,14.796665689457424,3.0541437,1.7549601,0.63400006,3.0254629
puf12_r123_r567_r5loop67_loopr678,3,1,89.06049751315436,75.43056818181817,92.55637397870905,0.020833333333333332,8.931417,1.9845072,7.528816,33.855736,30.888287,4.086008,85.44464295300264,14.300846148836483,3.0541437,1.7549601,0.63400006,3.0254629
puf12_r123_r567_r5loop67_loopr678,3,2,88.9717319096725,75.05373015873016,92.47017975555822,0.020833333333333332,9.085541,1.9875499,8.070005,35.058945,31.628546,4.1839323,89.26313989259295,15.521450560107917,3.0541437,1.7549601,0.63400006,3.0254629
puf12_r123_r567_r5loop67_loopr678,3,3,89.1389662334919,75.4240909090909,92.59456101273983,0.011574074074074073,8.921462,1.9713833,7.5033197,34.06926,31.07508,4.110718,86.25625102337042,14.829820914943065,3.0541437,1.7549601,0.63400006,3.0254629
puf12_r123_r567_r5loop67_loopr678,3,4,89.0818697643189,74.55655844155845,92.47288298661215,0.020833333333333332,8.82678,1.9837025,7.4949546,33.531773,30.749334,4.067627,85.17965630127104,14.273822832233812,3.0541437,1.7549601,0.63400006,3.0254629
puf12_r123_r567_r5loop67_r678,2,0,90.20125229726386,78.33247272727273,93.86878941865746,0.006944444444444444,8.257288,1.7985549,7.2730255,34.841236,31.60288,4.180537,88.8622693032835,15.712908327173793,3.0483565,1.7614057,0.5750001,2.9745371
puf12_r123_r567_r5loop67_r678,2,1,90.07792543866967,79.31736363636364,93.29105186370985,0.02546296296296296,8.171483,1.8116531,6.886179,34.44475,31.390253,4.15241,87.82175258671332,14.813431457307855,3.0483565,1.7614057,0.5750001,2.9745371
puf12_r123_r567_r5loop67_r678,2,2,90.43942920256794,79.07084848484848,93.94008389366549,0.006944444444444444,8.124225,1.7604692,7.009389,34.625988,31.400967,4.153827,88.14773033473139,15.277194206777601,3.0483565,1.7614057,0.5750001,2.9745371
puf12_r123_r567_r5loop67_r678,2,3,90.27579162530897,78.66767272727273,93.82559827858613,0.016203703703703703,8.217814,1.7890229,7.0190153,34.557518,31.340302,4.145802,87.62824942573803,15.211693225599806,3.0483565,1.7614057,0.5750001,2.9745371
puf12_r123_r567_r5loop67_r678,2,4,90.64626096847918,79.49646753246753,94.12139543333467,0.004629629629629629,8.021626,1.7228776,7.0520453,34.069695,30.970236,4.0968485,86.1544051345268,14.534305273731508,3.0483565,1.7614057,0.5750001,2.9745371
puf12_r123_r567_r5loop67_loopr678,1,0,90.03206976198706,78.91000000000001,93.01223281425365,0.02546296296296296,8.6244755,1.8993001,7.0371385,33.92379,30.994337,4.100037,85.72777494293393,14.070530161832165,3.0670369,1.7793739,0.59400004,2.9745371
puf12_r123_r567_r5loop67_loopr678,1,1,90.13285926415155,78.00708333333333,93.20194524861711,0.02546296296296296,8.623555,1.9082689,7.019238,33.749435,30.991016,4.0995975,85.60647673383404,14.042381688376206,3.0670369,1.7793739,0.59400004,2.9745371
puf12_r123_r567_r5loop67_loopr678,1,2,89.84892585208412,77.29318181818182,93.05381694841937,0.02546296296296296,8.789284,1.9495503,7.157341,34.001728,30.947681,4.093865,85.58949410260341,13.909109112222021,3.0670369,1.7793739,0.59400004,2.9745371
puf12_r123_r567_r5loop67_loopr678,1,3,89.98897599569844,78.49656565656566,93.10668971794667,0.02546296296296296,8.733514,1.9406071,7.1780634,33.47073,30.783998,4.0722127,84.93936983432486,13.592897975494052,3.0670369,1.7793739,0.59400004,2.9745371
puf12_r123_r567_r5loop67_loopr678,1,4,89.77215191362293,77.0825,92.95106662023674,0.02546296296296296,8.829486,1.9402543,7.2476535,34.482433,31.324606,4.143726,86.70015665494157,14.452929574790325,3.0670369,1.7793739,0.59400004,2.9745371
puf12_r123_r567_r6r7_r5678,2,0,91.71512310817437,81.34127272727272,95.25877760324809,0.0,7.2117467,1.4139423,6.3649416,34.48694,31.408117,4.154773,87.83100046927854,15.28712194751243,3.0001159,1.7988435,0.47100002,2.960648
puf12_r123_r567_r6r7_r5678,2,1,92.00972009013122,81.93263636363636,95.419408163146,0.0,7.086043,1.4051678,6.2029443,34.080215,31.082687,4.1117244,85.8524428348784,14.854127729242126,3.0001159,1.7988435,0.47100002,2.960648
puf12_r123_r567_r6r7_r5678,2,2,91.58378657811373,81.50063636363637,95.10962707431456,0.0,7.2813544,1.4540205,6.441549,34.33919,31.435198,4.158355,88.4649841897764,15.443760464640556,3.0001159,1.7988435,0.47100002,2.960648
puf12_r123_r567_r6r7_r5678,2,3,91.48003044183463,80.26654545454547,95.05780999812944,0.0,7.330475,1.446158,6.4603963,34.28547,31.337831,4.1454754,86.92438714112953,15.32109938733374,3.0001159,1.7988435,0.47100002,2.960648
puf12_r123_r567_r6r7_r5678,2,4,91.37673014181998,80.67972727272728,95.10933186193951,0.0,7.580437,1.5084713,6.7373424,34.327877,31.133396,4.118432,86.5255727424367,14.875732865995502,3.0001159,1.7988435,0.47100002,2.960648
puf12_r123_r5678_r5loop6788,3,0,88.80606562250638,73.79891666666667,92.30953168674176,0.034722222222222224,9.014676,1.9753063,7.201534,35.645927,32.107693,4.2473154,91.31825234845395,16.081211437722857,2.9350693,1.715423,0.54999995,2.800926
puf12_r123_r5678_r5loop6788,3,1,88.872775878799,73.21770000000001,92.34699012362381,0.032407407407407406,9.0274725,1.9866854,7.2053285,34.665543,31.590584,4.1789103,88.3905904364352,15.135417455384744,2.9350693,1.715423,0.54999995,2.800926
puf12_r123_r5678_r5loop6788,3,2,88.86204685584165,73.47268888888888,92.38804267793677,0.032407407407407406,8.993456,1.96259,7.1449456,35.1241,31.675024,4.1900806,89.09319993088556,15.399941626316268,2.9350693,1.715423,0.54999995,2.800926
puf12_r123_r5678_r5loop6788,3,3,88.70753677915961,73.57260000000001,92.24025747471407,0.032407407407407406,9.081573,1.9985576,7.280614,34.686333,31.609324,4.1813893,88.50087739684258,15.235826664254091,2.9350693,1.715423,0.54999995,2.800926
puf12_r123_r5678_r5loop6788,3,4,89.26570128897008,74.88912121212122,92.6560219130792,0.03009259259259259,8.648939,1.888798,7.038728,33.886787,31.260098,4.1351924,85.88173641194115,14.473999448876048,2.9350693,1.715423,0.54999995,2.800926
puf12_r123_r567_r567_r678,4,0,91.60785108901516,80.45352272727273,94.7952332735423,0.0,7.6410537,1.5144761,6.8478518,35.013325,31.69534,4.1927676,89.27219875704834,15.738140239528207,3.0313425,1.780637,0.57,2.9930556
puf12_r123_r567_r567_r678,4,1,91.61187098594766,80.38615909090909,94.7608594735383,0.0,7.686123,1.525114,6.9439826,34.907486,31.898829,4.219686,89.82650682261526,16.097262460938325,3.0313425,1.780637,0.57,2.9930556
puf12_r123_r567_r567_r678,4,2,91.57969154153137,81.74775000000001,94.75714338073192,0.0,7.6024513,1.4884598,7.0862,34.80396,31.572924,4.176574,88.2613788206882,15.524157281078262,3.0313425,1.780637,0.57,2.9930556
puf12_r123_r567_r567_r678,4,3,91.66221242348146,81.37972727272727,94.77615123039256,0.0,7.575815,1.4979721,6.8463945,34.29978,31.539352,4.1721334,87.90147015026048,15.42392112273514,3.0313425,1.780637,0.57,2.9930556
puf12_r123_r567_r567_r678,4,4,91.43116184938108,79.98115151515151,94.66931409414917,0.0,7.6584086,1.509014,6.98149,34.75338,31.645102,4.1861224,88.6682838587017,15.581505407687896,3.0313425,1.780637,0.57,2.9930556
