batch,name,variants,C295,C388,C871,wt388,C388保留率,C871/C388,密码预测,n_trips,模型WT保守度,vs,变体三联体频率,WT三联体频率,变体边缘频率log,LMPNN_三联体频率,LMPNN_边缘频率log
1,2 P4-R5-SNE,"[(4, 'SNE')]",0.11864,0.73555,0.47919,0.72877,1.0093033467349095,0.6514716878526272,破识别,1,0.2356333333333333,"[(4, 'SNE')]",0.0001000100010001,0.0001000100010001,-1.3021648967333423,0.0,-2.2213208849449457
1,3 P4-R5-ETD,"[(4, 'ETD')]",0.0,0.0,0.09609,0.72877,0.0,,破识别,1,0.2356333333333333,"[(4, 'ETD')]",0.0,0.0001000100010001,-3.466551302185461,0.0,-5.0
1,4 P4-R5-SHE,"[(4, 'SHE')]",0.17658,0.59567,0.55044,0.72877,0.8173635028884284,0.9240686957543608,破识别,1,0.2356333333333333,"[(4, 'SHE')]",0.0003000300030003,0.0001000100010001,-1.3149207344481757,0.011401140114011402,-0.7123931478276669
1,5 P4-R5-SWD+P7-R5-SWD,"[(4, 'SWD'), (7, 'SWD')]",0.1733,0.5012,0.34665,0.72877,0.6877341273652866,0.6916400638467678,保识别,2,0.2568999999999999,"[(4, 'SWD'), (7, 'SWD')]",0.0,0.0001000100010001,-2.0468905685960843,0.0,-2.3695370259830013
1,6 P5-R6-VFN,"[(5, 'VFN')]",0.26081,0.54597,0.68239,0.72877,0.7491664036664516,1.2498672088209977,破识别,1,0.0665,"[(5, 'VFN')]",0.0,0.0002000200020002,-1.8172794681814557,0.0,-2.415330900376054
1,7 P5-R6-TYE,"[(5, 'TYE')]",0.15145,0.44241,0.37392,0.72877,0.6070639570783649,0.8451888519698921,保识别,1,0.0665,"[(5, 'TYE')]",0.0,0.0002000200020002,-1.8127449192732217,0.0,-2.563968845290883
1,8 P5-R6-THN,"[(5, 'THN')]",0.10376,0.52764,0.50568,0.72877,0.7240144352813644,0.958380714123266,破识别,1,0.0665,"[(5, 'THN')]",0.0,0.0002000200020002,-2.063089620323297,0.0,-2.9477660400215835
1,9 P5-R6-SFE,"[(5, 'SFE')]",0.19993,0.60986,0.57702,0.72877,0.8368346666300752,0.9461515757714886,保识别,1,0.0665,"[(5, 'SFE')]",0.0,0.0002000200020002,-1.3779866855267653,0.0,-1.8216841335531708
1,10 P5-R6-NYE,"[(5, 'NYE')]",0.13488,0.54582,0.44983,0.72877,0.7489605774112545,0.8241361621047232,破识别,1,0.0665,"[(5, 'NYE')]",0.001000100010001,0.0002000200020002,-1.0284954866339466,0.0,-1.9109407297262315
1,11 P5-R6-LRD,"[(5, 'LRD')]",0.0,0.20374,0.19761,0.72877,0.2795669415590652,0.9699126337488956,破识别,1,0.0665,"[(5, 'LRD')]",0.0,0.0002000200020002,-3.447012035550095,0.0,-4.283579254578398
1,12 P5-R6-DFE,"[(5, 'DFE')]",0.08127,0.29646,0.06524,0.72877,0.406795010771574,0.2200634149632328,破识别,1,0.0665,"[(5, 'DFE')]",0.0,0.0002000200020002,-2.5277954325176055,0.0,-2.091640466895721
1,13 P5-R6-TWD,"[(5, 'TWD')]",0.12193,0.55195,0.29964,0.72877,0.7573720103736433,0.5428752604402572,保识别,1,0.0665,"[(5, 'TWD')]",0.0,0.0002000200020002,-2.5081349270144244,0.0,-3.960784636605691
1,14 P5-R6-SWD,"[(5, 'SWD')]",0.11493,0.63622,0.38435,0.72877,0.8730052005433813,0.6041149287982145,保识别,1,0.0665,"[(5, 'SWD')]",0.0,0.0002000200020002,-1.7715409809768283,0.0,-3.343684247053663
1,15 P5-R6-FWD,"[(5, 'FWD')]",0.05354,0.35897,0.27491,0.72877,0.4925696721873842,0.7658300136501657,破识别,1,0.0665,"[(5, 'FWD')]",0.0,0.0002000200020002,-2.7713592093431867,0.0,-3.960784636605691
1,16 P5-R6-AYE,"[(5, 'AYE')]",0.16742,0.53248,0.50615,0.72877,0.7306557624490579,0.9505521334134616,破识别,1,0.0665,"[(5, 'AYE')]",0.0,0.0002000200020002,-1.2802295551232268,0.0,-2.563968845290883
1,17 P5-R6-SYQ,"[(5, 'SYQ')]",0.18116,0.58752,0.63603,0.72877,0.806180276356052,1.0825674019607845,破识别,1,0.0665,"[(5, 'SYQ')]",0.0144014401440144,0.0002000200020002,-0.6136008913900021,0.0,-1.2940166139366927
1,18 P5-R6-TTE,"[(5, 'TTE')]",0.0,0.34065,0.27363,0.72877,0.4674314255526435,0.8032584764420959,破识别,1,0.0665,"[(5, 'TTE')]",0.0,0.0002000200020002,-2.569313251538739,0.0,-3.9887103048673787
1,19 P6-R7-QRW,"[(6, 'QRW')]",0.18872,0.58147,0.26699,0.72877,0.7978786173964351,0.4591638433625122,破识别,1,0.6463,"[(6, 'QRW')]",0.0,0.0006000600060006,-2.82220845727074,0.0,-4.083651691737489
1,20 P6-R7-TRQ,"[(6, 'TRQ')]",0.25971,0.64195,0.57767,0.72877,0.880867763491911,0.8998675909338734,破识别,1,0.6463,"[(6, 'TRQ')]",0.0,0.0006000600060006,-1.459779604013203,0.0,-2.2299914438193125
1,21 P6-R7-MHQ,"[(6, 'MHQ')]",0.13646,0.25354,0.16682,0.72877,0.3479012582845067,0.6579632405143173,破识别,1,0.6463,"[(6, 'MHQ')]",0.0,0.0006000600060006,-1.554260042228343,0.00010001000100010001,-1.39891847262959
1,22 P6-R7-WFD,"[(6, 'WFD')]",0.2989,0.68645,0.58684,0.72877,0.9419295525337212,0.8548911064170733,破识别,1,0.6463,"[(6, 'WFD')]",0.0,0.0006000600060006,-3.411388023805475,0.0,-3.5183199565570953
1,23 P6-R7-WFQ,"[(6, 'WFQ')]",0.23752,0.63402,0.43751,0.72877,0.869986415467157,0.6900570959906628,破识别,1,0.6463,"[(6, 'WFQ')]",0.0,0.0006000600060006,-1.8495462203315212,0.0,-1.8551243954572474
1,24 P6-R7-QFW,"[(6, 'QFW')]",0.35304,0.66714,0.54929,0.72877,0.9154328526146794,0.8233504212009473,破识别,1,0.6463,"[(6, 'QFW')]",0.0,0.0006000600060006,-2.8526372403649085,0.0,-3.171175900347618
1,25 P4-R5-SHE+P7-R5-SHE,"[(4, 'SHE'), (7, 'SHE')]",0.36914,0.75476,0.71646,0.72877,1.0356628291504864,0.9492553924426308,破识别,2,0.2568999999999999,"[(4, 'SHE'), (7, 'SHE')]",0.0,0.0001000100010001,-1.2699222999259012,0.0006000600060006001,-0.6379913312534421
1,26 P7-R5-SYVIRR,"[(7, 'SYV')]",0.44853,0.80129,0.27913,0.72877,1.0995101335126307,0.3483507843602191,破识别,1,0.2781666666666667,"[(7, 'SYV')]",0.0,0.0001000100010001,-1.253644002002847,0.0,-1.978664908413218
1,27 P4-R5-YTH+P7-R5-YTH,"[(4, 'YTH'), (7, 'YTH')]",0.0,0.0,0.10811,0.72877,0.0,,破识别,2,0.2568999999999999,"[(4, 'YTH'), (7, 'YTH')]",0.0,0.0001000100010001,-3.6588034471108863,0.0,-5.0
1,28 P4-R5-YYE+P7-P5-YYE,"[(4, 'YYE'), (5, 'YYE')]",0.0,0.08336,0.08403,0.72877,0.1143845108882089,1.0080374280230324,破识别,2,0.1510666666666667,"[(4, 'YYE'), (5, 'YYE')]",0.0,0.0001500150015001,-1.93554103067469,0.0,-2.4589429072673217
1,30 P4-R5-THE+P7-R5-THE,"[(4, 'THE'), (7, 'THE')]",0.15718,0.67446,0.26693,0.72877,0.9254771738682984,0.395768466625152,破识别,2,0.2568999999999999,"[(4, 'THE'), (7, 'THE')]",0.0,0.0001000100010001,-2.003618282071749,0.0,-2.203042790821702
1,31 P8-R6-GVE,"[(8, 'GVE')]",0.2414,0.64894,0.09904,0.72877,0.8904592669840964,0.1526181156963664,破识别,1,0.4429,"[(8, 'GVE')]",0.0,0.0003000300030003,-2.9475725938584194,0.0,-3.6227686111659687
1,29 P4-R5-SNE+P7-R5-SNE,"[(4, 'SNE'), (7, 'SNE')]",0.19008,0.78801,0.31936,0.72877,1.0812876490525132,0.405274044745625,破识别,2,0.2568999999999999,"[(4, 'SNE'), (7, 'SNE')]",0.0,0.0001000100010001,-1.277035617107346,0.0,-1.9439946478599566
1,PUF12-9,[],0.32894,0.72877,0.67231,0.72877,1.0,0.9225269975438066,WT,0,,[],,,,,
2,10-P1-GVD,"[(1, 'GVD')]",0.092035,0.48944,0.37205,0.67081,0.7296253782740268,0.7601544622425629,破识别,1,0.3508,"[(1, 'GVD')]",0.0,0.0,-3.8924970866278006,0.0,-4.305711887581045
2,11-P1-SNE,"[(1, 'SNE')]",0.373535,0.645035,0.529685,0.67081,0.961576303275145,0.8211724945158013,破识别,1,0.3508,"[(1, 'SNE')]",0.0,0.0,-1.581911594012296,0.0,-2.055325781836776
2,12-P1-SRE,"[(1, 'SRE')]",0.362905,0.603885,0.488465,0.67081,0.9002325546727091,0.8088708942927876,破识别,1,0.3508,"[(1, 'SRE')]",0.0001000100010001,0.0,-1.4619153191774636,0.0672067206720672,-0.38949982394387356
2,13-P1-SWD,"[(1, 'SWD')]",0.23197,0.645755,0.42327,0.67081,0.9626496325338024,0.6554653080502668,保识别,1,0.3508,"[(1, 'SWD')]",0.0,0.0,-2.8066883795757236,0.0,-3.3358142717585166
2,14-P1-THE,"[(1, 'THE')]",0.272315,0.49863,0.361235,0.67081,0.7433252336727241,0.7244550067184083,破识别,1,0.3508,"[(1, 'THE')]",0.0,0.0,-3.5242453493978054,0.0,-3.278757957318312
2,15-P2-CKR,"[(2, 'CKR')]",0.31001,0.465505,0.35574,0.67081,0.6939446340990743,0.7642023179128044,保识别,1,0.1683666666666666,"[(2, 'CKR')]",0.0016001600160016,0.0002000200020002,-0.8903723555573998,0.00010001000100010001,-1.346380807686846
2,16-P3-VWH,"[(3, 'VWH')]",0.0,0.33618,0.2082649999999999,0.67081,0.5011553196881383,0.6195044321494436,破识别,1,0.6299666666666667,"[(3, 'VWH')]",0.0,0.0028002800280028,-2.829403823680385,0.0,-4.559246447240053
2,17-P1-SHE,"[(1, 'SHE')]",0.25939,0.5785750000000001,0.4257149999999999,0.67081,0.8625020497607371,0.7357991617335694,破识别,1,0.3508,"[(1, 'SHE')]",0.0,0.0,-1.900137981026563,0.00010001000100010001,-1.6145722290768285
2,18-P3-FRP,"[(3, 'FRP')]",0.0,0.41349,0.195975,0.67081,0.6164040488364813,0.4739534208807952,破识别,1,0.6299666666666667,"[(3, 'FRP')]",0.0,0.0028002800280028,-3.3603296304703067,0.0,-3.2985096674406136
2,19-P3-RGY,"[(3, 'RGY')]",0.0,0.45716,0.225555,0.67081,0.6815044498442182,0.4933830606352262,破识别,1,0.6299666666666667,"[(3, 'RGY')]",0.0,0.0028002800280028,-3.2701026579850043,0.0,-4.331878541530767
2,20-P3-RMY,"[(3, 'RMY')]",0.0,0.378585,0.22019,0.67081,0.5643699408178172,0.581613111982778,破识别,1,0.6299666666666667,"[(3, 'RMY')]",0.0,0.0028002800280028,-3.651387069559555,0.0,-3.8911249887708195
2,21-P3-SRQ,"[(3, 'SRQ')]",0.20384,0.5973599999999999,0.519265,0.67081,0.8905055082661258,0.8692664389982592,保识别,1,0.6299666666666667,"[(3, 'SRQ')]",0.0051005100510051,0.0028002800280028,-0.7618200291546381,0.0039003900390039005,-0.9076936822434596
2,22-P3-TRQ,"[(3, 'TRQ')]",0.25001,0.5903499999999999,0.5383150000000001,0.67081,0.8800554553450305,0.911857372744982,破识别,1,0.6299666666666667,"[(3, 'TRQ')]",0.0,0.0028002800280028,-1.485252836129124,0.0,-2.008123848427508
2,23-P3-VFH,"[(3, 'VFH')]",0.0,0.62546,0.4917899999999999,0.67081,0.9323951640553956,0.7862852940235985,保识别,1,0.6299666666666667,"[(3, 'VFH')]",0.0,0.0028002800280028,-3.030418713443981,0.0,-4.115260040932712
2,24-P3-VFQ,"[(3, 'VFQ')]",0.14842,0.44517,0.0545449999999999,0.67081,0.6636305362174088,0.1225262259361592,保识别,1,0.6299666666666667,"[(3, 'VFQ')]",0.0,0.0028002800280028,-1.5086084643393376,0.0,-2.4777301657101294
2,25-P9-GNS,"[(9, 'GNS')]",0.305515,0.626795,0.26368,0.67081,0.9343852953891564,0.4206798075925941,破识别,1,0.9036,"[(9, 'GNS')]",0.0,0.0406040604060406,-2.4920750860345575,0.0,-4.305723852328317
2,26-P9-NFP,"[(9, 'NFP')]",0.18807,0.506135,0.15261,0.67081,0.7545132004591464,0.3015203453624033,保识别,1,0.9036,"[(9, 'NFP')]",0.0,0.0406040604060406,-2.3107033385118885,0.0,-2.1188550622073246
2,27-P9-NFQ,"[(9, 'NFQ')]",0.23351,0.58236,0.46969,0.67081,0.8681444820440959,0.8065286077340477,保识别,1,0.9036,"[(9, 'NFQ')]",0.0057005700570057,0.0406040604060406,-0.7311719714765589,0.043004300430043,-0.4567012896831899
2,28-P9-NFW,"[(9, 'NFW')]",0.36467,0.697685,0.505645,0.67081,1.0400635053144704,0.724746841339573,破识别,1,0.9036,"[(9, 'NFW')]",0.0,0.0406040604060406,-2.3107033385118885,0.0,-2.1188550622073246
2,29-P9-NPG,"[(9, 'NPG')]",0.0,0.5687249999999999,0.523855,0.67081,0.8478183092082705,0.9211042243615104,破识别,1,0.9036,"[(9, 'NPG')]",0.0,0.0406040604060406,-2.5078847935830297,0.0,-2.9868989848985925
2,30-P9-NPS,"[(9, 'NPS')]",0.2552,0.6046,0.20388,0.67081,0.9012984302559592,0.3372146873966258,破识别,1,0.9036,"[(9, 'NPS')]",0.0,0.0406040604060406,-2.0872824254680618,0.0,-2.9868989848985925
2,31-P9-NSG,"[(9, 'NSG')]",0.294915,0.600605,0.2164,0.67081,0.8953429436054919,0.3603033607778823,破识别,1,0.9036,"[(9, 'NSG')]",0.0,0.0406040604060406,-1.8821127290665616,0.0,-3.3340430411080697
2,32-P9-NTQ,"[(9, 'NTQ')]",0.230325,0.629785,0.18463,0.67081,0.9388425932827478,0.2931635399382329,保识别,1,0.9036,"[(9, 'NTQ')]",0.0008000800080008,0.0406040604060406,-1.0527473686222617,0.00010001000100010001,-1.3247452123744579
2,33-P9-NWP,"[(9, 'NWP')]",0.171755,0.448895,0.150455,0.67081,0.6691835243958796,0.3351674667795364,保识别,1,0.9036,"[(9, 'NWP')]",0.0,0.0406040604060406,-2.180427057712956,0.0,-2.494085943045165
2,34-P9-QKQ,"[(9, 'QKQ')]",0.3521849999999999,0.591835,0.3039199999999999,0.67081,0.8822691969410116,0.5135215051492392,破识别,1,0.9036,"[(9, 'QKQ')]",0.001000100010001,0.0406040604060406,-0.946387420059172,0.0,-2.990702171266388
2,35-P9-RAN,"[(9, 'RAN')]",0.376755,0.574335,0.24511,0.67081,0.8561813330153099,0.4267718317706565,保识别,1,0.9036,"[(9, 'RAN')]",0.0,0.0406040604060406,-2.449697217050438,0.0,-4.652855943790523
2,36-P10-CFP,"[(10, 'CFP')]",0.176095,0.396405,0.334705,0.67081,0.590934839969589,0.8443511055612316,保识别,1,0.7112666666666666,"[(10, 'CFP')]",0.0,0.0013001300130013,-2.2681364193132847,0.0,-2.057507206304531
2,37-P10-MHQ,"[(10, 'MHQ')]",0.2292,0.5661700000000001,0.52753,0.67081,0.8440094810751182,0.931751947294982,破识别,1,0.7112666666666666,"[(10, 'MHQ')]",0.0,0.0013001300130013,-1.8076731969351487,0.0,-1.8358903608200867
2,38-P10-PHQ,"[(10, 'PHQ')]",0.09536,0.297925,0.2353299999999999,0.67081,0.4441272491465541,0.7898967861038851,保识别,1,0.7112666666666666,"[(10, 'PHQ')]",0.0,0.0013001300130013,-1.9012826934856184,0.0,-1.8358903608200867
2,39-P10-QLR,"[(10, 'QLR')]",0.307525,0.50895,0.34521,0.67081,0.7587096197134807,0.6782788093132921,破识别,1,0.7112666666666666,"[(10, 'QLR')]",0.0,0.0013001300130013,-1.5451148909980157,0.0,-4.346971884435348
2,40-P10-RMY,"[(10, 'RMY')]",0.27993,0.6292,0.573415,0.67081,0.9379705132600884,0.9113397965670692,破识别,1,0.7112666666666666,"[(10, 'RMY')]",0.0,0.0013001300130013,-3.697304167645472,0.0,-4.363824028555967
2,41-P10-RGY,"[(10, 'RGY')]",0.327115,0.5909949999999999,0.415385,0.67081,0.8810169794725778,0.7028570461679033,破识别,1,0.7112666666666666,"[(10, 'RGY')]",0.0,0.0013001300130013,-3.155223379085123,0.0,-4.559246447240053
2,42-P10-SKL,"[(10, 'SKL')]",0.3750599999999999,0.6559550000000001,0.55034,0.67081,0.977855130364783,0.8389904795298458,破识别,1,0.7112666666666666,"[(10, 'SKL')]",0.0001000100010001,0.0013001300130013,-1.4284340016895172,0.0,-3.6350206110751544
2,43-P10-SRQ,"[(10, 'SRQ')]",0.303045,0.633305,0.5683199999999999,0.67081,0.9440899807695174,0.8973875147046051,保识别,1,0.7112666666666666,"[(10, 'SRQ')]",0.0072007200720072,0.0013001300130013,-0.7289023398580324,0.00010001000100010001,-1.498031193339375
2,44-P10-TRQ,"[(10, 'TRQ')]",0.296115,0.636855,0.52919,0.67081,0.9493820903087312,0.8309426792598003,破识别,1,0.7112666666666666,"[(10, 'TRQ')]",0.0,0.0013001300130013,-1.6780814131914223,0.0,-1.498031193339375
2,45-P10-VWH,"[(10, 'VWH')]",0.11982,0.18391,0.1577899999999999,0.67081,0.2741610888329035,0.857974009026154,破识别,1,0.7112666666666666,"[(10, 'VWH')]",0.0,0.0013001300130013,-2.8714540561638757,0.0,-3.9771332367984393
2,46-P11-CKR,"[(11, 'CKR')]",0.433605,0.761975,0.66674,0.67081,1.1359028637020914,0.8750155845008039,保识别,1,0.2035,"[(11, 'CKR')]",0.0004000400040004,0.0071007100710071,-0.9696288293407346,0.0,-1.5830965513741206
2,47-P11-CRR,"[(11, 'CRR')]",0.16788,0.45687,0.383775,0.67081,0.6810721366705923,0.8400091929870641,保识别,1,0.2035,"[(11, 'CRR')]",0.0,0.0071007100710071,-1.278100464342322,0.0,-1.0721155726107536
2,48-P11-QFR,"[(11, 'QFR')]",0.334635,0.68466,0.61904,0.67081,1.0206466808783412,0.9041568077585956,保识别,1,0.2035,"[(11, 'QFR')]",0.0001000100010001,0.0071007100710071,-1.6307376446869,0.0,-2.0076415801470717
2,49-P11-SFR,"[(11, 'SFR')]",0.0,0.1714999999999999,0.1458749999999999,0.67081,0.2556610664718772,0.8505830903790087,保识别,1,0.2035,"[(11, 'SFR')]",0.002000200020002,0.0071007100710071,-0.94860376790218,0.0016001600160016002,-0.8517439947240856
2,50-P11-TFR,"[(11, 'TFR')]",0.270705,0.62654,0.542295,0.67081,0.9340051579433818,0.8655393111373575,保识别,1,0.2035,"[(11, 'TFR')]",0.0,0.0071007100710071,-2.0246244853668727,0.0,-2.0076415801470717
2,51-P2-CRR,"[(2, 'CRR')]",0.3495899999999999,0.45691,0.351235,0.67081,0.6811317660738511,0.768718128296601,保识别,1,0.1683666666666666,"[(2, 'CRR')]",0.0003000300030003,0.0002000200020002,-1.212645969973247,0.0016001600160016002,-0.779308604687145
2,52-P2-QFR,"[(2, 'QFR')]",0.410485,0.588835,0.440335,0.67081,0.8777969916966055,0.7478071106506917,保识别,1,0.1683666666666666,"[(2, 'QFR')]",0.0,0.0002000200020002,-2.0241152724772205,0.0,-1.5296432516059484
2,53-P2-SFK,"[(2, 'SFK')]",0.16765,0.5086550000000001,0.33694,0.67081,0.7582698528644476,0.6624136202337536,保识别,1,0.1683666666666666,"[(2, 'SFK')]",0.0001000100010001,0.0002000200020002,-1.284305985519419,0.0,-1.5044386129715257
2,54-P2-TKR,"[(2, 'TKR')]",0.265645,0.464445,0.38373,0.67081,0.6923644549127175,0.8262119303685044,保识别,1,0.1683666666666666,"[(2, 'TKR')]",0.0,0.0002000200020002,-1.7347073155518296,0.0,-3.0046748037613185
2,55-P2-TTR,"[(2, 'TTR')]",0.305515,0.558095,0.43924,0.67081,0.8319717952922586,0.7870344654583897,保识别,1,0.1683666666666666,"[(2, 'TTR')]",0.0,0.0002000200020002,-2.6117905579782534,0.0,-3.2000972224454043
2,56-P3-PHQ,"[(3, 'PHQ')]",0.0,0.53176,0.317445,0.67081,0.7927132869217811,0.5969704377914848,保识别,1,0.6299666666666667,"[(3, 'PHQ')]",0.0,0.0028002800280028,-1.9893495980690552,0.0,-2.451389919294042
2,57-P2-ERN,"[(2, 'ERN')]",0.30402,0.4603549999999999,0.401075,0.67081,0.6862673484295105,0.8712298117756949,破识别,1,0.1683666666666666,"[(2, 'ERN')]",0.0,0.0002000200020002,-2.549846378683861,0.0,-2.805540822591393
2,58-P3-NSW,"[(3, 'NSW')]",0.0,0.322775,0.214885,0.67081,0.4811720159210507,0.6657423902098984,破识别,1,0.6299666666666667,"[(3, 'NSW')]",0.0,0.0028002800280028,-2.6264319516673154,0.0,-3.5637060014871835
2,59-PUF12-9-1,[],0.324995,0.676365,0.57117,0.67081,1.0082810333775585,0.84447007163292,WT,0,,[],,,,,
2,60-PUF12-9-2,[],0.30671,0.6652549999999999,0.5701,0.67081,0.9917189666224414,0.856964622588331,WT,0,,[],,,,,
2,8-P1-DFE,"[(1, 'DFE')]",0.025775,0.43272,0.2801099999999999,0.67081,0.6450708844531238,0.6473239046034387,破识别,1,0.3508,"[(1, 'DFE')]",0.0,0.0,-3.710599667437709,0.0,-3.719511510078259
2,9-P1-DWE,"[(1, 'DWE')]",0.0,0.46967,0.33714,0.67081,0.7001535457133913,0.7178231524261716,破识别,1,0.3508,"[(1, 'DWE')]",0.0,0.0,-3.736519600275283,0.0,-3.719511510078259
