archive,member,construct,seed,model,cp_symmetry_max_abs
folds_2026_09_06_03_44.zip,puf_12_loopr4r4_rna_auggaggacgugc_seed2/fold_puf_12_loopr4r4_rna_auggaggacgugc_seed2_full_data_0.json,puf_12_loopr4r4,2,0,0.0
folds_2026_09_06_03_44.zip,puf_12_loopr4r4_rna_auggaggacgugc_seed2/fold_puf_12_loopr4r4_rna_auggaggacgugc_seed2_full_data_1.json,puf_12_loopr4r4,2,1,0.0
folds_2026_09_06_03_44.zip,puf_12_loopr4r4_rna_auggaggacgugc_seed2/fold_puf_12_loopr4r4_rna_auggaggacgugc_seed2_full_data_2.json,puf_12_loopr4r4,2,2,0.0
folds_2026_09_06_03_44.zip,puf_12_loopr4r4_rna_auggaggacgugc_seed2/fold_puf_12_loopr4r4_rna_auggaggacgugc_seed2_full_data_3.json,puf_12_loopr4r4,2,3,0.0
folds_2026_09_06_03_44.zip,puf_12_loopr4r4_rna_auggaggacgugc_seed2/fold_puf_12_loopr4r4_rna_auggaggacgugc_seed2_full_data_4.json,puf_12_loopr4r4,2,4,0.0
folds_2026_09_06_03_44.zip,puf_12_r4r4_rna_auggaggacgugc_seed4/fold_puf_12_r4r4_rna_auggaggacgugc_seed4_full_data_0.json,puf_12_r4r4,4,0,0.0
folds_2026_09_06_03_44.zip,puf_12_r4r4_rna_auggaggacgugc_seed4/fold_puf_12_r4r4_rna_auggaggacgugc_seed4_full_data_1.json,puf_12_r4r4,4,1,0.0
folds_2026_09_06_03_44.zip,puf_12_r4r4_rna_auggaggacgugc_seed4/fold_puf_12_r4r4_rna_auggaggacgugc_seed4_full_data_2.json,puf_12_r4r4,4,2,0.0
folds_2026_09_06_03_44.zip,puf_12_r4r4_rna_auggaggacgugc_seed4/fold_puf_12_r4r4_rna_auggaggacgugc_seed4_full_data_3.json,puf_12_r4r4,4,3,0.0
folds_2026_09_06_03_44.zip,puf_12_r4r4_rna_auggaggacgugc_seed4/fold_puf_12_r4r4_rna_auggaggacgugc_seed4_full_data_4.json,puf_12_r4r4,4,4,0.0
folds_2026_09_06_03_44.zip,puf_12_r4r4_rna_auggaggacgugc_seed3/fold_puf_12_r4r4_rna_auggaggacgugc_seed3_full_data_0.json,puf_12_r4r4,3,0,0.0
folds_2026_09_06_03_44.zip,puf_12_r4r4_rna_auggaggacgugc_seed3/fold_puf_12_r4r4_rna_auggaggacgugc_seed3_full_data_1.json,puf_12_r4r4,3,1,0.0
folds_2026_09_06_03_44.zip,puf_12_r4r4_rna_auggaggacgugc_seed3/fold_puf_12_r4r4_rna_auggaggacgugc_seed3_full_data_2.json,puf_12_r4r4,3,2,0.0
folds_2026_09_06_03_44.zip,puf_12_r4r4_rna_auggaggacgugc_seed3/fold_puf_12_r4r4_rna_auggaggacgugc_seed3_full_data_3.json,puf_12_r4r4,3,3,0.0
folds_2026_09_06_03_44.zip,puf_12_r4r4_rna_auggaggacgugc_seed3/fold_puf_12_r4r4_rna_auggaggacgugc_seed3_full_data_4.json,puf_12_r4r4,3,4,0.0
folds_2026_09_06_03_44.zip,puf12_r123_r5678_r56788_rna_auggaggacgugc_seed1/fold_puf12_r123_r5678_r56788_rna_auggaggacgugc_seed1_full_data_0.json,puf12_r123_r5678_r56788,1,0,0.0
folds_2026_09_06_03_44.zip,puf12_r123_r5678_r56788_rna_auggaggacgugc_seed1/fold_puf12_r123_r5678_r56788_rna_auggaggacgugc_seed1_full_data_1.json,puf12_r123_r5678_r56788,1,1,0.0
folds_2026_09_06_03_44.zip,puf12_r123_r5678_r56788_rna_auggaggacgugc_seed1/fold_puf12_r123_r5678_r56788_rna_auggaggacgugc_seed1_full_data_2.json,puf12_r123_r5678_r56788,1,2,0.0
folds_2026_09_06_03_44.zip,puf12_r123_r5678_r56788_rna_auggaggacgugc_seed1/fold_puf12_r123_r5678_r56788_rna_auggaggacgugc_seed1_full_data_3.json,puf12_r123_r5678_r56788,1,3,0.0
folds_2026_09_06_03_44.zip,puf12_r123_r5678_r56788_rna_auggaggacgugc_seed1/fold_puf12_r123_r5678_r56788_rna_auggaggacgugc_seed1_full_data_4.json,puf12_r123_r5678_r56788,1,4,0.0
folds_2026_09_06_03_44.zip,puf_11_r8_rna_auggaggacgugc_seed2/fold_puf_11_r8_rna_auggaggacgugc_seed2_full_data_0.json,puf_11_r8,2,0,0.0
folds_2026_09_06_03_44.zip,puf_11_r8_rna_auggaggacgugc_seed2/fold_puf_11_r8_rna_auggaggacgugc_seed2_full_data_1.json,puf_11_r8,2,1,0.0
folds_2026_09_06_03_44.zip,puf_11_r8_rna_auggaggacgugc_seed2/fold_puf_11_r8_rna_auggaggacgugc_seed2_full_data_2.json,puf_11_r8,2,2,0.0
folds_2026_09_06_03_44.zip,puf_11_r8_rna_auggaggacgugc_seed2/fold_puf_11_r8_rna_auggaggacgugc_seed2_full_data_3.json,puf_11_r8,2,3,0.0
folds_2026_09_06_03_44.zip,puf_11_r8_rna_auggaggacgugc_seed2/fold_puf_11_r8_rna_auggaggacgugc_seed2_full_data_4.json,puf_11_r8,2,4,0.0
folds_2026_09_06_03_44.zip,puf_11_loopr8_rna_auggaggacgugc_seed2/fold_puf_11_loopr8_rna_auggaggacgugc_seed2_full_data_0.json,puf_11_loopr8,2,0,0.0
folds_2026_09_06_03_44.zip,puf_11_loopr8_rna_auggaggacgugc_seed2/fold_puf_11_loopr8_rna_auggaggacgugc_seed2_full_data_1.json,puf_11_loopr8,2,1,0.0
folds_2026_09_06_03_44.zip,puf_11_loopr8_rna_auggaggacgugc_seed2/fold_puf_11_loopr8_rna_auggaggacgugc_seed2_full_data_2.json,puf_11_loopr8,2,2,0.0
folds_2026_09_06_03_44.zip,puf_11_loopr8_rna_auggaggacgugc_seed2/fold_puf_11_loopr8_rna_auggaggacgugc_seed2_full_data_3.json,puf_11_loopr8,2,3,0.0
folds_2026_09_06_03_44.zip,puf_11_loopr8_rna_auggaggacgugc_seed2/fold_puf_11_loopr8_rna_auggaggacgugc_seed2_full_data_4.json,puf_11_loopr8,2,4,0.0
folds_2026_09_06_03_44.zip,puf_12_loopr4loopr4_rna_auggaggacgugc_seed1/fold_puf_12_loopr4loopr4_rna_auggaggacgugc_seed1_full_data_0.json,puf_12_loopr4loopr4,1,0,0.0
folds_2026_09_06_03_44.zip,puf_12_loopr4loopr4_rna_auggaggacgugc_seed1/fold_puf_12_loopr4loopr4_rna_auggaggacgugc_seed1_full_data_1.json,puf_12_loopr4loopr4,1,1,0.0
folds_2026_09_06_03_44.zip,puf_12_loopr4loopr4_rna_auggaggacgugc_seed1/fold_puf_12_loopr4loopr4_rna_auggaggacgugc_seed1_full_data_2.json,puf_12_loopr4loopr4,1,2,0.0
folds_2026_09_06_03_44.zip,puf_12_loopr4loopr4_rna_auggaggacgugc_seed1/fold_puf_12_loopr4loopr4_rna_auggaggacgugc_seed1_full_data_3.json,puf_12_loopr4loopr4,1,3,0.0
folds_2026_09_06_03_44.zip,puf_12_loopr4loopr4_rna_auggaggacgugc_seed1/fold_puf_12_loopr4loopr4_rna_auggaggacgugc_seed1_full_data_4.json,puf_12_loopr4loopr4,1,4,0.0
folds_2026_09_06_03_44.zip,puf_12_r4loopr4_rna_auggaggacgugc_seed4/fold_puf_12_r4loopr4_rna_auggaggacgugc_seed4_full_data_0.json,puf_12_r4loopr4,4,0,0.0
folds_2026_09_06_03_44.zip,puf_12_r4loopr4_rna_auggaggacgugc_seed4/fold_puf_12_r4loopr4_rna_auggaggacgugc_seed4_full_data_1.json,puf_12_r4loopr4,4,1,0.0
folds_2026_09_06_03_44.zip,puf_12_r4loopr4_rna_auggaggacgugc_seed4/fold_puf_12_r4loopr4_rna_auggaggacgugc_seed4_full_data_2.json,puf_12_r4loopr4,4,2,0.0
folds_2026_09_06_03_44.zip,puf_12_r4loopr4_rna_auggaggacgugc_seed4/fold_puf_12_r4loopr4_rna_auggaggacgugc_seed4_full_data_3.json,puf_12_r4loopr4,4,3,0.0
folds_2026_09_06_03_44.zip,puf_12_r4loopr4_rna_auggaggacgugc_seed4/fold_puf_12_r4loopr4_rna_auggaggacgugc_seed4_full_data_4.json,puf_12_r4loopr4,4,4,0.0
folds_2026_09_06_03_44.zip,puf_12_r4r4_rna_auggaggacgugc_seed2/fold_puf_12_r4r4_rna_auggaggacgugc_seed2_full_data_0.json,puf_12_r4r4,2,0,0.0
folds_2026_09_06_03_44.zip,puf_12_r4r4_rna_auggaggacgugc_seed2/fold_puf_12_r4r4_rna_auggaggacgugc_seed2_full_data_1.json,puf_12_r4r4,2,1,0.0
folds_2026_09_06_03_44.zip,puf_12_r4r4_rna_auggaggacgugc_seed2/fold_puf_12_r4r4_rna_auggaggacgugc_seed2_full_data_2.json,puf_12_r4r4,2,2,0.0
folds_2026_09_06_03_44.zip,puf_12_r4r4_rna_auggaggacgugc_seed2/fold_puf_12_r4r4_rna_auggaggacgugc_seed2_full_data_3.json,puf_12_r4r4,2,3,0.0
folds_2026_09_06_03_44.zip,puf_12_r4r4_rna_auggaggacgugc_seed2/fold_puf_12_r4r4_rna_auggaggacgugc_seed2_full_data_4.json,puf_12_r4r4,2,4,0.0
folds_2026_09_06_03_44.zip,puf_12_r4loopr4_rna_auggaggacgugc_seed1/fold_puf_12_r4loopr4_rna_auggaggacgugc_seed1_full_data_0.json,puf_12_r4loopr4,1,0,0.0
folds_2026_09_06_03_44.zip,puf_12_r4loopr4_rna_auggaggacgugc_seed1/fold_puf_12_r4loopr4_rna_auggaggacgugc_seed1_full_data_1.json,puf_12_r4loopr4,1,1,0.0
folds_2026_09_06_03_44.zip,puf_12_r4loopr4_rna_auggaggacgugc_seed1/fold_puf_12_r4loopr4_rna_auggaggacgugc_seed1_full_data_2.json,puf_12_r4loopr4,1,2,0.0
folds_2026_09_06_03_44.zip,puf_12_r4loopr4_rna_auggaggacgugc_seed1/fold_puf_12_r4loopr4_rna_auggaggacgugc_seed1_full_data_3.json,puf_12_r4loopr4,1,3,0.0
folds_2026_09_06_03_44.zip,puf_12_r4loopr4_rna_auggaggacgugc_seed1/fold_puf_12_r4loopr4_rna_auggaggacgugc_seed1_full_data_4.json,puf_12_r4loopr4,1,4,0.0
folds_2026_09_06_03_44.zip,puf_11_r8_rna_auggaggacgugc_seed3/fold_puf_11_r8_rna_auggaggacgugc_seed3_full_data_0.json,puf_11_r8,3,0,0.0
folds_2026_09_06_03_44.zip,puf_11_r8_rna_auggaggacgugc_seed3/fold_puf_11_r8_rna_auggaggacgugc_seed3_full_data_1.json,puf_11_r8,3,1,0.0
folds_2026_09_06_03_44.zip,puf_11_r8_rna_auggaggacgugc_seed3/fold_puf_11_r8_rna_auggaggacgugc_seed3_full_data_2.json,puf_11_r8,3,2,0.0
folds_2026_09_06_03_44.zip,puf_11_r8_rna_auggaggacgugc_seed3/fold_puf_11_r8_rna_auggaggacgugc_seed3_full_data_3.json,puf_11_r8,3,3,0.0
folds_2026_09_06_03_44.zip,puf_11_r8_rna_auggaggacgugc_seed3/fold_puf_11_r8_rna_auggaggacgugc_seed3_full_data_4.json,puf_11_r8,3,4,0.0
folds_2026_09_06_03_44.zip,puf12_r123_r5678_r56788_rna_auggaggacgugc_seed2/fold_puf12_r123_r5678_r56788_rna_auggaggacgugc_seed2_full_data_0.json,puf12_r123_r5678_r56788,2,0,0.0
folds_2026_09_06_03_44.zip,puf12_r123_r5678_r56788_rna_auggaggacgugc_seed2/fold_puf12_r123_r5678_r56788_rna_auggaggacgugc_seed2_full_data_1.json,puf12_r123_r5678_r56788,2,1,0.0
folds_2026_09_06_03_44.zip,puf12_r123_r5678_r56788_rna_auggaggacgugc_seed2/fold_puf12_r123_r5678_r56788_rna_auggaggacgugc_seed2_full_data_2.json,puf12_r123_r5678_r56788,2,2,0.0
folds_2026_09_06_03_44.zip,puf12_r123_r5678_r56788_rna_auggaggacgugc_seed2/fold_puf12_r123_r5678_r56788_rna_auggaggacgugc_seed2_full_data_3.json,puf12_r123_r5678_r56788,2,3,0.0
folds_2026_09_06_03_44.zip,puf12_r123_r5678_r56788_rna_auggaggacgugc_seed2/fold_puf12_r123_r5678_r56788_rna_auggaggacgugc_seed2_full_data_4.json,puf12_r123_r5678_r56788,2,4,0.0
folds_2026_09_06_03_44.zip,puf_12_loopr4r4_rna_auggaggacgugc_seed4/fold_puf_12_loopr4r4_rna_auggaggacgugc_seed4_full_data_0.json,puf_12_loopr4r4,4,0,0.0
folds_2026_09_06_03_44.zip,puf_12_loopr4r4_rna_auggaggacgugc_seed4/fold_puf_12_loopr4r4_rna_auggaggacgugc_seed4_full_data_1.json,puf_12_loopr4r4,4,1,0.0
folds_2026_09_06_03_44.zip,puf_12_loopr4r4_rna_auggaggacgugc_seed4/fold_puf_12_loopr4r4_rna_auggaggacgugc_seed4_full_data_2.json,puf_12_loopr4r4,4,2,0.0
folds_2026_09_06_03_44.zip,puf_12_loopr4r4_rna_auggaggacgugc_seed4/fold_puf_12_loopr4r4_rna_auggaggacgugc_seed4_full_data_3.json,puf_12_loopr4r4,4,3,0.0
folds_2026_09_06_03_44.zip,puf_12_loopr4r4_rna_auggaggacgugc_seed4/fold_puf_12_loopr4r4_rna_auggaggacgugc_seed4_full_data_4.json,puf_12_loopr4r4,4,4,0.0
folds_2026_09_06_03_44.zip,puf_12_loopr4loopr4_rna_auggaggacgugc_seed3/fold_puf_12_loopr4loopr4_rna_auggaggacgugc_seed3_full_data_0.json,puf_12_loopr4loopr4,3,0,0.0
folds_2026_09_06_03_44.zip,puf_12_loopr4loopr4_rna_auggaggacgugc_seed3/fold_puf_12_loopr4loopr4_rna_auggaggacgugc_seed3_full_data_1.json,puf_12_loopr4loopr4,3,1,0.0
folds_2026_09_06_03_44.zip,puf_12_loopr4loopr4_rna_auggaggacgugc_seed3/fold_puf_12_loopr4loopr4_rna_auggaggacgugc_seed3_full_data_2.json,puf_12_loopr4loopr4,3,2,0.0
folds_2026_09_06_03_44.zip,puf_12_loopr4loopr4_rna_auggaggacgugc_seed3/fold_puf_12_loopr4loopr4_rna_auggaggacgugc_seed3_full_data_3.json,puf_12_loopr4loopr4,3,3,0.0
folds_2026_09_06_03_44.zip,puf_12_loopr4loopr4_rna_auggaggacgugc_seed3/fold_puf_12_loopr4loopr4_rna_auggaggacgugc_seed3_full_data_4.json,puf_12_loopr4loopr4,3,4,0.0
folds_2026_09_06_03_44.zip,puf_12_r4loopr4_rna_auggaggacgugc_seed2/fold_puf_12_r4loopr4_rna_auggaggacgugc_seed2_full_data_0.json,puf_12_r4loopr4,2,0,0.0
folds_2026_09_06_03_44.zip,puf_12_r4loopr4_rna_auggaggacgugc_seed2/fold_puf_12_r4loopr4_rna_auggaggacgugc_seed2_full_data_1.json,puf_12_r4loopr4,2,1,0.0
folds_2026_09_06_03_44.zip,puf_12_r4loopr4_rna_auggaggacgugc_seed2/fold_puf_12_r4loopr4_rna_auggaggacgugc_seed2_full_data_2.json,puf_12_r4loopr4,2,2,0.0
folds_2026_09_06_03_44.zip,puf_12_r4loopr4_rna_auggaggacgugc_seed2/fold_puf_12_r4loopr4_rna_auggaggacgugc_seed2_full_data_3.json,puf_12_r4loopr4,2,3,0.0
folds_2026_09_06_03_44.zip,puf_12_r4loopr4_rna_auggaggacgugc_seed2/fold_puf_12_r4loopr4_rna_auggaggacgugc_seed2_full_data_4.json,puf_12_r4loopr4,2,4,0.0
folds_2026_09_06_03_44.zip,puf_12_r4r4_rna_auggaggacgugc_seed1/fold_puf_12_r4r4_rna_auggaggacgugc_seed1_full_data_0.json,puf_12_r4r4,1,0,0.0
folds_2026_09_06_03_44.zip,puf_12_r4r4_rna_auggaggacgugc_seed1/fold_puf_12_r4r4_rna_auggaggacgugc_seed1_full_data_1.json,puf_12_r4r4,1,1,0.0
folds_2026_09_06_03_44.zip,puf_12_r4r4_rna_auggaggacgugc_seed1/fold_puf_12_r4r4_rna_auggaggacgugc_seed1_full_data_2.json,puf_12_r4r4,1,2,0.0
folds_2026_09_06_03_44.zip,puf_12_r4r4_rna_auggaggacgugc_seed1/fold_puf_12_r4r4_rna_auggaggacgugc_seed1_full_data_3.json,puf_12_r4r4,1,3,0.0
folds_2026_09_06_03_44.zip,puf_12_r4r4_rna_auggaggacgugc_seed1/fold_puf_12_r4r4_rna_auggaggacgugc_seed1_full_data_4.json,puf_12_r4r4,1,4,0.0
folds_2026_09_06_03_44.zip,puf_11_r8_rna_auggaggacgugc_seed4/fold_puf_11_r8_rna_auggaggacgugc_seed4_full_data_0.json,puf_11_r8,4,0,0.0
folds_2026_09_06_03_44.zip,puf_11_r8_rna_auggaggacgugc_seed4/fold_puf_11_r8_rna_auggaggacgugc_seed4_full_data_1.json,puf_11_r8,4,1,0.0
folds_2026_09_06_03_44.zip,puf_11_r8_rna_auggaggacgugc_seed4/fold_puf_11_r8_rna_auggaggacgugc_seed4_full_data_2.json,puf_11_r8,4,2,0.0
folds_2026_09_06_03_44.zip,puf_11_r8_rna_auggaggacgugc_seed4/fold_puf_11_r8_rna_auggaggacgugc_seed4_full_data_3.json,puf_11_r8,4,3,0.0
folds_2026_09_06_03_44.zip,puf_11_r8_rna_auggaggacgugc_seed4/fold_puf_11_r8_rna_auggaggacgugc_seed4_full_data_4.json,puf_11_r8,4,4,0.0
folds_2026_09_06_03_44.zip,puf_12_loopr4loopr4_rna_auggaggacgugc_seed4/fold_puf_12_loopr4loopr4_rna_auggaggacgugc_seed4_full_data_0.json,puf_12_loopr4loopr4,4,0,0.0
folds_2026_09_06_03_44.zip,puf_12_loopr4loopr4_rna_auggaggacgugc_seed4/fold_puf_12_loopr4loopr4_rna_auggaggacgugc_seed4_full_data_1.json,puf_12_loopr4loopr4,4,1,0.0
folds_2026_09_06_03_44.zip,puf_12_loopr4loopr4_rna_auggaggacgugc_seed4/fold_puf_12_loopr4loopr4_rna_auggaggacgugc_seed4_full_data_2.json,puf_12_loopr4loopr4,4,2,0.0
folds_2026_09_06_03_44.zip,puf_12_loopr4loopr4_rna_auggaggacgugc_seed4/fold_puf_12_loopr4loopr4_rna_auggaggacgugc_seed4_full_data_3.json,puf_12_loopr4loopr4,4,3,0.0
folds_2026_09_06_03_44.zip,puf_12_loopr4loopr4_rna_auggaggacgugc_seed4/fold_puf_12_loopr4loopr4_rna_auggaggacgugc_seed4_full_data_4.json,puf_12_loopr4loopr4,4,4,0.0
folds_2026_09_06_03_44.zip,puf_12_r4loopr4_rna_auggaggacgugc_seed3/fold_puf_12_r4loopr4_rna_auggaggacgugc_seed3_full_data_0.json,puf_12_r4loopr4,3,0,0.0
folds_2026_09_06_03_44.zip,puf_12_r4loopr4_rna_auggaggacgugc_seed3/fold_puf_12_r4loopr4_rna_auggaggacgugc_seed3_full_data_1.json,puf_12_r4loopr4,3,1,0.0
folds_2026_09_06_03_44.zip,puf_12_r4loopr4_rna_auggaggacgugc_seed3/fold_puf_12_r4loopr4_rna_auggaggacgugc_seed3_full_data_2.json,puf_12_r4loopr4,3,2,0.0
folds_2026_09_06_03_44.zip,puf_12_r4loopr4_rna_auggaggacgugc_seed3/fold_puf_12_r4loopr4_rna_auggaggacgugc_seed3_full_data_3.json,puf_12_r4loopr4,3,3,0.0
folds_2026_09_06_03_44.zip,puf_12_r4loopr4_rna_auggaggacgugc_seed3/fold_puf_12_r4loopr4_rna_auggaggacgugc_seed3_full_data_4.json,puf_12_r4loopr4,3,4,0.0
folds_2026_09_06_03_44.zip,puf_11_loopr8_rna_auggaggacgugc_seed1/fold_puf_11_loopr8_rna_auggaggacgugc_seed1_full_data_0.json,puf_11_loopr8,1,0,0.0
folds_2026_09_06_03_44.zip,puf_11_loopr8_rna_auggaggacgugc_seed1/fold_puf_11_loopr8_rna_auggaggacgugc_seed1_full_data_1.json,puf_11_loopr8,1,1,0.0
folds_2026_09_06_03_44.zip,puf_11_loopr8_rna_auggaggacgugc_seed1/fold_puf_11_loopr8_rna_auggaggacgugc_seed1_full_data_2.json,puf_11_loopr8,1,2,0.0
folds_2026_09_06_03_44.zip,puf_11_loopr8_rna_auggaggacgugc_seed1/fold_puf_11_loopr8_rna_auggaggacgugc_seed1_full_data_3.json,puf_11_loopr8,1,3,0.0
folds_2026_09_06_03_44.zip,puf_11_loopr8_rna_auggaggacgugc_seed1/fold_puf_11_loopr8_rna_auggaggacgugc_seed1_full_data_4.json,puf_11_loopr8,1,4,0.0
folds_2026_09_06_03_44.zip,puf12_r123_r5678_r56788_rna_auggaggacgugc_seed3/fold_puf12_r123_r5678_r56788_rna_auggaggacgugc_seed3_full_data_0.json,puf12_r123_r5678_r56788,3,0,0.0
folds_2026_09_06_03_44.zip,puf12_r123_r5678_r56788_rna_auggaggacgugc_seed3/fold_puf12_r123_r5678_r56788_rna_auggaggacgugc_seed3_full_data_1.json,puf12_r123_r5678_r56788,3,1,0.0
folds_2026_09_06_03_44.zip,puf12_r123_r5678_r56788_rna_auggaggacgugc_seed3/fold_puf12_r123_r5678_r56788_rna_auggaggacgugc_seed3_full_data_2.json,puf12_r123_r5678_r56788,3,2,0.0
folds_2026_09_06_03_44.zip,puf12_r123_r5678_r56788_rna_auggaggacgugc_seed3/fold_puf12_r123_r5678_r56788_rna_auggaggacgugc_seed3_full_data_3.json,puf12_r123_r5678_r56788,3,3,0.0
folds_2026_09_06_03_44.zip,puf12_r123_r5678_r56788_rna_auggaggacgugc_seed3/fold_puf12_r123_r5678_r56788_rna_auggaggacgugc_seed3_full_data_4.json,puf12_r123_r5678_r56788,3,4,0.0
folds_2026_09_06_03_44.zip,puf_12_loopr4r4_rna_auggaggacgugc_seed3/fold_puf_12_loopr4r4_rna_auggaggacgugc_seed3_full_data_0.json,puf_12_loopr4r4,3,0,0.0
folds_2026_09_06_03_44.zip,puf_12_loopr4r4_rna_auggaggacgugc_seed3/fold_puf_12_loopr4r4_rna_auggaggacgugc_seed3_full_data_1.json,puf_12_loopr4r4,3,1,0.0
folds_2026_09_06_03_44.zip,puf_12_loopr4r4_rna_auggaggacgugc_seed3/fold_puf_12_loopr4r4_rna_auggaggacgugc_seed3_full_data_2.json,puf_12_loopr4r4,3,2,0.0
folds_2026_09_06_03_44.zip,puf_12_loopr4r4_rna_auggaggacgugc_seed3/fold_puf_12_loopr4r4_rna_auggaggacgugc_seed3_full_data_3.json,puf_12_loopr4r4,3,3,0.0
folds_2026_09_06_03_44.zip,puf_12_loopr4r4_rna_auggaggacgugc_seed3/fold_puf_12_loopr4r4_rna_auggaggacgugc_seed3_full_data_4.json,puf_12_loopr4r4,3,4,0.0
folds_2026_09_06_03_44.zip,puf_12_loopr4loopr4_rna_auggaggacgugc_seed2/fold_puf_12_loopr4loopr4_rna_auggaggacgugc_seed2_full_data_0.json,puf_12_loopr4loopr4,2,0,0.0
folds_2026_09_06_03_44.zip,puf_12_loopr4loopr4_rna_auggaggacgugc_seed2/fold_puf_12_loopr4loopr4_rna_auggaggacgugc_seed2_full_data_1.json,puf_12_loopr4loopr4,2,1,0.0
folds_2026_09_06_03_44.zip,puf_12_loopr4loopr4_rna_auggaggacgugc_seed2/fold_puf_12_loopr4loopr4_rna_auggaggacgugc_seed2_full_data_2.json,puf_12_loopr4loopr4,2,2,0.0
folds_2026_09_06_03_44.zip,puf_12_loopr4loopr4_rna_auggaggacgugc_seed2/fold_puf_12_loopr4loopr4_rna_auggaggacgugc_seed2_full_data_3.json,puf_12_loopr4loopr4,2,3,0.0
folds_2026_09_06_03_44.zip,puf_12_loopr4loopr4_rna_auggaggacgugc_seed2/fold_puf_12_loopr4loopr4_rna_auggaggacgugc_seed2_full_data_4.json,puf_12_loopr4loopr4,2,4,0.0
folds_2026_09_06_03_44.zip,puf_11_loopr8_rna_auggaggacgugc_seed4/fold_puf_11_loopr8_rna_auggaggacgugc_seed4_full_data_0.json,puf_11_loopr8,4,0,0.0
folds_2026_09_06_03_44.zip,puf_11_loopr8_rna_auggaggacgugc_seed4/fold_puf_11_loopr8_rna_auggaggacgugc_seed4_full_data_1.json,puf_11_loopr8,4,1,0.0
folds_2026_09_06_03_44.zip,puf_11_loopr8_rna_auggaggacgugc_seed4/fold_puf_11_loopr8_rna_auggaggacgugc_seed4_full_data_2.json,puf_11_loopr8,4,2,0.0
folds_2026_09_06_03_44.zip,puf_11_loopr8_rna_auggaggacgugc_seed4/fold_puf_11_loopr8_rna_auggaggacgugc_seed4_full_data_3.json,puf_11_loopr8,4,3,0.0
folds_2026_09_06_03_44.zip,puf_11_loopr8_rna_auggaggacgugc_seed4/fold_puf_11_loopr8_rna_auggaggacgugc_seed4_full_data_4.json,puf_11_loopr8,4,4,0.0
folds_2026_09_06_03_44.zip,puf_12_loopr4r4_rna_auggaggacgugc_seed1/fold_puf_12_loopr4r4_rna_auggaggacgugc_seed1_full_data_0.json,puf_12_loopr4r4,1,0,0.0
folds_2026_09_06_03_44.zip,puf_12_loopr4r4_rna_auggaggacgugc_seed1/fold_puf_12_loopr4r4_rna_auggaggacgugc_seed1_full_data_1.json,puf_12_loopr4r4,1,1,0.0
folds_2026_09_06_03_44.zip,puf_12_loopr4r4_rna_auggaggacgugc_seed1/fold_puf_12_loopr4r4_rna_auggaggacgugc_seed1_full_data_2.json,puf_12_loopr4r4,1,2,0.0
folds_2026_09_06_03_44.zip,puf_12_loopr4r4_rna_auggaggacgugc_seed1/fold_puf_12_loopr4r4_rna_auggaggacgugc_seed1_full_data_3.json,puf_12_loopr4r4,1,3,0.0
folds_2026_09_06_03_44.zip,puf_12_loopr4r4_rna_auggaggacgugc_seed1/fold_puf_12_loopr4r4_rna_auggaggacgugc_seed1_full_data_4.json,puf_12_loopr4r4,1,4,0.0
folds_2026_09_06_03_44.zip,puf_11_loopr8_rna_auggaggacgugc_seed3/fold_puf_11_loopr8_rna_auggaggacgugc_seed3_full_data_0.json,puf_11_loopr8,3,0,0.0
folds_2026_09_06_03_44.zip,puf_11_loopr8_rna_auggaggacgugc_seed3/fold_puf_11_loopr8_rna_auggaggacgugc_seed3_full_data_1.json,puf_11_loopr8,3,1,0.0
folds_2026_09_06_03_44.zip,puf_11_loopr8_rna_auggaggacgugc_seed3/fold_puf_11_loopr8_rna_auggaggacgugc_seed3_full_data_2.json,puf_11_loopr8,3,2,0.0
folds_2026_09_06_03_44.zip,puf_11_loopr8_rna_auggaggacgugc_seed3/fold_puf_11_loopr8_rna_auggaggacgugc_seed3_full_data_3.json,puf_11_loopr8,3,3,0.0
folds_2026_09_06_03_44.zip,puf_11_loopr8_rna_auggaggacgugc_seed3/fold_puf_11_loopr8_rna_auggaggacgugc_seed3_full_data_4.json,puf_11_loopr8,3,4,0.0
folds_2026_09_06_03_44.zip,puf_11_r8_rna_auggaggacgugc_seed1/fold_puf_11_r8_rna_auggaggacgugc_seed1_full_data_0.json,puf_11_r8,1,0,0.0
folds_2026_09_06_03_44.zip,puf_11_r8_rna_auggaggacgugc_seed1/fold_puf_11_r8_rna_auggaggacgugc_seed1_full_data_1.json,puf_11_r8,1,1,0.0
folds_2026_09_06_03_44.zip,puf_11_r8_rna_auggaggacgugc_seed1/fold_puf_11_r8_rna_auggaggacgugc_seed1_full_data_2.json,puf_11_r8,1,2,0.0
folds_2026_09_06_03_44.zip,puf_11_r8_rna_auggaggacgugc_seed1/fold_puf_11_r8_rna_auggaggacgugc_seed1_full_data_3.json,puf_11_r8,1,3,0.0
folds_2026_09_06_03_44.zip,puf_11_r8_rna_auggaggacgugc_seed1/fold_puf_11_r8_rna_auggaggacgugc_seed1_full_data_4.json,puf_11_r8,1,4,0.0
folds_2026_09_06_03_44.zip,puf12_r123_r5678_r56788_rna_auggaggacgugc_seed4/fold_puf12_r123_r5678_r56788_rna_auggaggacgugc_seed4_full_data_0.json,puf12_r123_r5678_r56788,4,0,0.0
folds_2026_09_06_03_44.zip,puf12_r123_r5678_r56788_rna_auggaggacgugc_seed4/fold_puf12_r123_r5678_r56788_rna_auggaggacgugc_seed4_full_data_1.json,puf12_r123_r5678_r56788,4,1,0.0
folds_2026_09_06_03_44.zip,puf12_r123_r5678_r56788_rna_auggaggacgugc_seed4/fold_puf12_r123_r5678_r56788_rna_auggaggacgugc_seed4_full_data_2.json,puf12_r123_r5678_r56788,4,2,0.0
folds_2026_09_06_03_44.zip,puf12_r123_r5678_r56788_rna_auggaggacgugc_seed4/fold_puf12_r123_r5678_r56788_rna_auggaggacgugc_seed4_full_data_3.json,puf12_r123_r5678_r56788,4,3,0.0
folds_2026_09_06_03_44.zip,puf12_r123_r5678_r56788_rna_auggaggacgugc_seed4/fold_puf12_r123_r5678_r56788_rna_auggaggacgugc_seed4_full_data_4.json,puf12_r123_r5678_r56788,4,4,0.0
folds_2026_09_06_03_46.zip,puf12_r123_r567_r5loop67_loopr678_rna_auggaggacgugc_seed4/fold_puf12_r123_r567_r5loop67_loopr678_rna_auggaggacgugc_seed4_full_data_0.json,puf12_r123_r567_r5loop67_loopr678,4,0,0.0
folds_2026_09_06_03_46.zip,puf12_r123_r567_r5loop67_loopr678_rna_auggaggacgugc_seed4/fold_puf12_r123_r567_r5loop67_loopr678_rna_auggaggacgugc_seed4_full_data_1.json,puf12_r123_r567_r5loop67_loopr678,4,1,0.0
folds_2026_09_06_03_46.zip,puf12_r123_r567_r5loop67_loopr678_rna_auggaggacgugc_seed4/fold_puf12_r123_r567_r5loop67_loopr678_rna_auggaggacgugc_seed4_full_data_2.json,puf12_r123_r567_r5loop67_loopr678,4,2,0.0
folds_2026_09_06_03_46.zip,puf12_r123_r567_r5loop67_loopr678_rna_auggaggacgugc_seed4/fold_puf12_r123_r567_r5loop67_loopr678_rna_auggaggacgugc_seed4_full_data_3.json,puf12_r123_r567_r5loop67_loopr678,4,3,0.0
folds_2026_09_06_03_46.zip,puf12_r123_r567_r5loop67_loopr678_rna_auggaggacgugc_seed4/fold_puf12_r123_r567_r5loop67_loopr678_rna_auggaggacgugc_seed4_full_data_4.json,puf12_r123_r567_r5loop67_loopr678,4,4,0.0
folds_2026_09_06_03_46.zip,puf12_r123_r567_r6loopr7_r5678_rna_auggaggacgugc_seed2/fold_puf12_r123_r567_r6loopr7_r5678_rna_auggaggacgugc_seed2_full_data_0.json,puf12_r123_r567_r6loopr7_r5678,2,0,0.0
folds_2026_09_06_03_46.zip,puf12_r123_r567_r6loopr7_r5678_rna_auggaggacgugc_seed2/fold_puf12_r123_r567_r6loopr7_r5678_rna_auggaggacgugc_seed2_full_data_1.json,puf12_r123_r567_r6loopr7_r5678,2,1,0.0
folds_2026_09_06_03_46.zip,puf12_r123_r567_r6loopr7_r5678_rna_auggaggacgugc_seed2/fold_puf12_r123_r567_r6loopr7_r5678_rna_auggaggacgugc_seed2_full_data_2.json,puf12_r123_r567_r6loopr7_r5678,2,2,0.0
folds_2026_09_06_03_46.zip,puf12_r123_r567_r6loopr7_r5678_rna_auggaggacgugc_seed2/fold_puf12_r123_r567_r6loopr7_r5678_rna_auggaggacgugc_seed2_full_data_3.json,puf12_r123_r567_r6loopr7_r5678,2,3,0.0
folds_2026_09_06_03_46.zip,puf12_r123_r567_r6loopr7_r5678_rna_auggaggacgugc_seed2/fold_puf12_r123_r567_r6loopr7_r5678_rna_auggaggacgugc_seed2_full_data_4.json,puf12_r123_r567_r6loopr7_r5678,2,4,0.0
folds_2026_09_06_03_46.zip,puf12_r123_r567_r6loopr7_r5loop678_rna_auggaggacgugc_seed2/fold_puf12_r123_r567_r6loopr7_r5loop678_rna_auggaggacgugc_seed2_full_data_0.json,puf12_r123_r567_r6loopr7_r5loop678,2,0,0.0
folds_2026_09_06_03_46.zip,puf12_r123_r567_r6loopr7_r5loop678_rna_auggaggacgugc_seed2/fold_puf12_r123_r567_r6loopr7_r5loop678_rna_auggaggacgugc_seed2_full_data_1.json,puf12_r123_r567_r6loopr7_r5loop678,2,1,0.0
folds_2026_09_06_03_46.zip,puf12_r123_r567_r6loopr7_r5loop678_rna_auggaggacgugc_seed2/fold_puf12_r123_r567_r6loopr7_r5loop678_rna_auggaggacgugc_seed2_full_data_2.json,puf12_r123_r567_r6loopr7_r5loop678,2,2,0.0
folds_2026_09_06_03_46.zip,puf12_r123_r567_r6loopr7_r5loop678_rna_auggaggacgugc_seed2/fold_puf12_r123_r567_r6loopr7_r5loop678_rna_auggaggacgugc_seed2_full_data_3.json,puf12_r123_r567_r6loopr7_r5loop678,2,3,0.0
folds_2026_09_06_03_46.zip,puf12_r123_r567_r6loopr7_r5loop678_rna_auggaggacgugc_seed2/fold_puf12_r123_r567_r6loopr7_r5loop678_rna_auggaggacgugc_seed2_full_data_4.json,puf12_r123_r567_r6loopr7_r5loop678,2,4,0.0
folds_2026_09_06_03_46.zip,puf12_r123_r567_r6loopr7_r5678_rna_auggaggacgugc_seed3/fold_puf12_r123_r567_r6loopr7_r5678_rna_auggaggacgugc_seed3_full_data_0.json,puf12_r123_r567_r6loopr7_r5678,3,0,0.0
folds_2026_09_06_03_46.zip,puf12_r123_r567_r6loopr7_r5678_rna_auggaggacgugc_seed3/fold_puf12_r123_r567_r6loopr7_r5678_rna_auggaggacgugc_seed3_full_data_1.json,puf12_r123_r567_r6loopr7_r5678,3,1,0.0
folds_2026_09_06_03_46.zip,puf12_r123_r567_r6loopr7_r5678_rna_auggaggacgugc_seed3/fold_puf12_r123_r567_r6loopr7_r5678_rna_auggaggacgugc_seed3_full_data_2.json,puf12_r123_r567_r6loopr7_r5678,3,2,0.0
folds_2026_09_06_03_46.zip,puf12_r123_r567_r6loopr7_r5678_rna_auggaggacgugc_seed3/fold_puf12_r123_r567_r6loopr7_r5678_rna_auggaggacgugc_seed3_full_data_3.json,puf12_r123_r567_r6loopr7_r5678,3,3,0.0
folds_2026_09_06_03_46.zip,puf12_r123_r567_r6loopr7_r5678_rna_auggaggacgugc_seed3/fold_puf12_r123_r567_r6loopr7_r5678_rna_auggaggacgugc_seed3_full_data_4.json,puf12_r123_r567_r6loopr7_r5678,3,4,0.0
folds_2026_09_06_03_46.zip,puf12_r123_r567_r5loop67_r678_rna_auggaggacgugc_seed4/fold_puf12_r123_r567_r5loop67_r678_rna_auggaggacgugc_seed4_full_data_0.json,puf12_r123_r567_r5loop67_r678,4,0,0.0
folds_2026_09_06_03_46.zip,puf12_r123_r567_r5loop67_r678_rna_auggaggacgugc_seed4/fold_puf12_r123_r567_r5loop67_r678_rna_auggaggacgugc_seed4_full_data_1.json,puf12_r123_r567_r5loop67_r678,4,1,0.0
folds_2026_09_06_03_46.zip,puf12_r123_r567_r5loop67_r678_rna_auggaggacgugc_seed4/fold_puf12_r123_r567_r5loop67_r678_rna_auggaggacgugc_seed4_full_data_2.json,puf12_r123_r567_r5loop67_r678,4,2,0.0
folds_2026_09_06_03_46.zip,puf12_r123_r567_r5loop67_r678_rna_auggaggacgugc_seed4/fold_puf12_r123_r567_r5loop67_r678_rna_auggaggacgugc_seed4_full_data_3.json,puf12_r123_r567_r5loop67_r678,4,3,0.0
folds_2026_09_06_03_46.zip,puf12_r123_r567_r5loop67_r678_rna_auggaggacgugc_seed4/fold_puf12_r123_r567_r5loop67_r678_rna_auggaggacgugc_seed4_full_data_4.json,puf12_r123_r567_r5loop67_r678,4,4,0.0
folds_2026_09_06_03_46.zip,puf12_r123_r567_r6r7_r5678_rna_auggaggacgugc_seed1/fold_puf12_r123_r567_r6r7_r5678_rna_auggaggacgugc_seed1_full_data_0.json,puf12_r123_r567_r6r7_r5678,1,0,0.0
folds_2026_09_06_03_46.zip,puf12_r123_r567_r6r7_r5678_rna_auggaggacgugc_seed1/fold_puf12_r123_r567_r6r7_r5678_rna_auggaggacgugc_seed1_full_data_1.json,puf12_r123_r567_r6r7_r5678,1,1,0.0
folds_2026_09_06_03_46.zip,puf12_r123_r567_r6r7_r5678_rna_auggaggacgugc_seed1/fold_puf12_r123_r567_r6r7_r5678_rna_auggaggacgugc_seed1_full_data_2.json,puf12_r123_r567_r6r7_r5678,1,2,0.0
folds_2026_09_06_03_46.zip,puf12_r123_r567_r6r7_r5678_rna_auggaggacgugc_seed1/fold_puf12_r123_r567_r6r7_r5678_rna_auggaggacgugc_seed1_full_data_3.json,puf12_r123_r567_r6r7_r5678,1,3,0.0
folds_2026_09_06_03_46.zip,puf12_r123_r567_r6r7_r5678_rna_auggaggacgugc_seed1/fold_puf12_r123_r567_r6r7_r5678_rna_auggaggacgugc_seed1_full_data_4.json,puf12_r123_r567_r6r7_r5678,1,4,0.0
folds_2026_09_06_03_46.zip,puf12_r123_r5678_r5loop6788_rna_auggaggacgugc_seed2/fold_puf12_r123_r5678_r5loop6788_rna_auggaggacgugc_seed2_full_data_0.json,puf12_r123_r5678_r5loop6788,2,0,0.0
folds_2026_09_06_03_46.zip,puf12_r123_r5678_r5loop6788_rna_auggaggacgugc_seed2/fold_puf12_r123_r5678_r5loop6788_rna_auggaggacgugc_seed2_full_data_1.json,puf12_r123_r5678_r5loop6788,2,1,0.0
folds_2026_09_06_03_46.zip,puf12_r123_r5678_r5loop6788_rna_auggaggacgugc_seed2/fold_puf12_r123_r5678_r5loop6788_rna_auggaggacgugc_seed2_full_data_2.json,puf12_r123_r5678_r5loop6788,2,2,0.0
folds_2026_09_06_03_46.zip,puf12_r123_r5678_r5loop6788_rna_auggaggacgugc_seed2/fold_puf12_r123_r5678_r5loop6788_rna_auggaggacgugc_seed2_full_data_3.json,puf12_r123_r5678_r5loop6788,2,3,0.0
folds_2026_09_06_03_46.zip,puf12_r123_r5678_r5loop6788_rna_auggaggacgugc_seed2/fold_puf12_r123_r5678_r5loop6788_rna_auggaggacgugc_seed2_full_data_4.json,puf12_r123_r5678_r5loop6788,2,4,0.0
folds_2026_09_06_03_46.zip,puf12_r123_r5678_r5loop6788_rna_auggaggacgugc_seed1/fold_puf12_r123_r5678_r5loop6788_rna_auggaggacgugc_seed1_full_data_0.json,puf12_r123_r5678_r5loop6788,1,0,0.0
folds_2026_09_06_03_46.zip,puf12_r123_r5678_r5loop6788_rna_auggaggacgugc_seed1/fold_puf12_r123_r5678_r5loop6788_rna_auggaggacgugc_seed1_full_data_1.json,puf12_r123_r5678_r5loop6788,1,1,0.0
folds_2026_09_06_03_46.zip,puf12_r123_r5678_r5loop6788_rna_auggaggacgugc_seed1/fold_puf12_r123_r5678_r5loop6788_rna_auggaggacgugc_seed1_full_data_2.json,puf12_r123_r5678_r5loop6788,1,2,0.0
folds_2026_09_06_03_46.zip,puf12_r123_r5678_r5loop6788_rna_auggaggacgugc_seed1/fold_puf12_r123_r5678_r5loop6788_rna_auggaggacgugc_seed1_full_data_3.json,puf12_r123_r5678_r5loop6788,1,3,0.0
folds_2026_09_06_03_46.zip,puf12_r123_r5678_r5loop6788_rna_auggaggacgugc_seed1/fold_puf12_r123_r5678_r5loop6788_rna_auggaggacgugc_seed1_full_data_4.json,puf12_r123_r5678_r5loop6788,1,4,0.0
folds_2026_09_06_03_46.zip,puf12_r123_r567_r6r7_r5678_rna_auggaggacgugc_seed3/fold_puf12_r123_r567_r6r7_r5678_rna_auggaggacgugc_seed3_full_data_0.json,puf12_r123_r567_r6r7_r5678,3,0,0.0
folds_2026_09_06_03_46.zip,puf12_r123_r567_r6r7_r5678_rna_auggaggacgugc_seed3/fold_puf12_r123_r567_r6r7_r5678_rna_auggaggacgugc_seed3_full_data_1.json,puf12_r123_r567_r6r7_r5678,3,1,0.0
folds_2026_09_06_03_46.zip,puf12_r123_r567_r6r7_r5678_rna_auggaggacgugc_seed3/fold_puf12_r123_r567_r6r7_r5678_rna_auggaggacgugc_seed3_full_data_2.json,puf12_r123_r567_r6r7_r5678,3,2,0.0
folds_2026_09_06_03_46.zip,puf12_r123_r567_r6r7_r5678_rna_auggaggacgugc_seed3/fold_puf12_r123_r567_r6r7_r5678_rna_auggaggacgugc_seed3_full_data_3.json,puf12_r123_r567_r6r7_r5678,3,3,0.0
folds_2026_09_06_03_46.zip,puf12_r123_r567_r6r7_r5678_rna_auggaggacgugc_seed3/fold_puf12_r123_r567_r6r7_r5678_rna_auggaggacgugc_seed3_full_data_4.json,puf12_r123_r567_r6r7_r5678,3,4,0.0
folds_2026_09_06_03_46.zip,puf12_r123_r567_r6loopr7_r5678_rna_auggaggacgugc_seed1/fold_puf12_r123_r567_r6loopr7_r5678_rna_auggaggacgugc_seed1_full_data_0.json,puf12_r123_r567_r6loopr7_r5678,1,0,0.0
folds_2026_09_06_03_46.zip,puf12_r123_r567_r6loopr7_r5678_rna_auggaggacgugc_seed1/fold_puf12_r123_r567_r6loopr7_r5678_rna_auggaggacgugc_seed1_full_data_1.json,puf12_r123_r567_r6loopr7_r5678,1,1,0.0
folds_2026_09_06_03_46.zip,puf12_r123_r567_r6loopr7_r5678_rna_auggaggacgugc_seed1/fold_puf12_r123_r567_r6loopr7_r5678_rna_auggaggacgugc_seed1_full_data_2.json,puf12_r123_r567_r6loopr7_r5678,1,2,0.0
folds_2026_09_06_03_46.zip,puf12_r123_r567_r6loopr7_r5678_rna_auggaggacgugc_seed1/fold_puf12_r123_r567_r6loopr7_r5678_rna_auggaggacgugc_seed1_full_data_3.json,puf12_r123_r567_r6loopr7_r5678,1,3,0.0
folds_2026_09_06_03_46.zip,puf12_r123_r567_r6loopr7_r5678_rna_auggaggacgugc_seed1/fold_puf12_r123_r567_r6loopr7_r5678_rna_auggaggacgugc_seed1_full_data_4.json,puf12_r123_r567_r6loopr7_r5678,1,4,0.0
folds_2026_09_06_03_46.zip,puf12_r123_r567_r6loopr7_r5loop678_rna_auggaggacgugc_seed4/fold_puf12_r123_r567_r6loopr7_r5loop678_rna_auggaggacgugc_seed4_full_data_0.json,puf12_r123_r567_r6loopr7_r5loop678,4,0,0.0
folds_2026_09_06_03_46.zip,puf12_r123_r567_r6loopr7_r5loop678_rna_auggaggacgugc_seed4/fold_puf12_r123_r567_r6loopr7_r5loop678_rna_auggaggacgugc_seed4_full_data_1.json,puf12_r123_r567_r6loopr7_r5loop678,4,1,0.0
folds_2026_09_06_03_46.zip,puf12_r123_r567_r6loopr7_r5loop678_rna_auggaggacgugc_seed4/fold_puf12_r123_r567_r6loopr7_r5loop678_rna_auggaggacgugc_seed4_full_data_2.json,puf12_r123_r567_r6loopr7_r5loop678,4,2,0.0
folds_2026_09_06_03_46.zip,puf12_r123_r567_r6loopr7_r5loop678_rna_auggaggacgugc_seed4/fold_puf12_r123_r567_r6loopr7_r5loop678_rna_auggaggacgugc_seed4_full_data_3.json,puf12_r123_r567_r6loopr7_r5loop678,4,3,0.0
folds_2026_09_06_03_46.zip,puf12_r123_r567_r6loopr7_r5loop678_rna_auggaggacgugc_seed4/fold_puf12_r123_r567_r6loopr7_r5loop678_rna_auggaggacgugc_seed4_full_data_4.json,puf12_r123_r567_r6loopr7_r5loop678,4,4,0.0
folds_2026_09_06_03_46.zip,puf12_r123_r567_r567_r678_rna_auggaggacgugc_seed2/fold_puf12_r123_r567_r567_r678_rna_auggaggacgugc_seed2_full_data_0.json,puf12_r123_r567_r567_r678,2,0,0.0
folds_2026_09_06_03_46.zip,puf12_r123_r567_r567_r678_rna_auggaggacgugc_seed2/fold_puf12_r123_r567_r567_r678_rna_auggaggacgugc_seed2_full_data_1.json,puf12_r123_r567_r567_r678,2,1,0.0
folds_2026_09_06_03_46.zip,puf12_r123_r567_r567_r678_rna_auggaggacgugc_seed2/fold_puf12_r123_r567_r567_r678_rna_auggaggacgugc_seed2_full_data_2.json,puf12_r123_r567_r567_r678,2,2,0.0
folds_2026_09_06_03_46.zip,puf12_r123_r567_r567_r678_rna_auggaggacgugc_seed2/fold_puf12_r123_r567_r567_r678_rna_auggaggacgugc_seed2_full_data_3.json,puf12_r123_r567_r567_r678,2,3,0.0
folds_2026_09_06_03_46.zip,puf12_r123_r567_r567_r678_rna_auggaggacgugc_seed2/fold_puf12_r123_r567_r567_r678_rna_auggaggacgugc_seed2_full_data_4.json,puf12_r123_r567_r567_r678,2,4,0.0
folds_2026_09_06_03_46.zip,puf12_r123_r567_r6r7_r5678_rna_auggaggacgugc_seed4/fold_puf12_r123_r567_r6r7_r5678_rna_auggaggacgugc_seed4_full_data_0.json,puf12_r123_r567_r6r7_r5678,4,0,0.0
folds_2026_09_06_03_46.zip,puf12_r123_r567_r6r7_r5678_rna_auggaggacgugc_seed4/fold_puf12_r123_r567_r6r7_r5678_rna_auggaggacgugc_seed4_full_data_1.json,puf12_r123_r567_r6r7_r5678,4,1,0.0
folds_2026_09_06_03_46.zip,puf12_r123_r567_r6r7_r5678_rna_auggaggacgugc_seed4/fold_puf12_r123_r567_r6r7_r5678_rna_auggaggacgugc_seed4_full_data_2.json,puf12_r123_r567_r6r7_r5678,4,2,0.0
folds_2026_09_06_03_46.zip,puf12_r123_r567_r6r7_r5678_rna_auggaggacgugc_seed4/fold_puf12_r123_r567_r6r7_r5678_rna_auggaggacgugc_seed4_full_data_3.json,puf12_r123_r567_r6r7_r5678,4,3,0.0
folds_2026_09_06_03_46.zip,puf12_r123_r567_r6r7_r5678_rna_auggaggacgugc_seed4/fold_puf12_r123_r567_r6r7_r5678_rna_auggaggacgugc_seed4_full_data_4.json,puf12_r123_r567_r6r7_r5678,4,4,0.0
folds_2026_09_06_03_46.zip,puf12_r123_r567_r6loopr7_r5loop678_rna_auggaggacgugc_seed3/fold_puf12_r123_r567_r6loopr7_r5loop678_rna_auggaggacgugc_seed3_full_data_0.json,puf12_r123_r567_r6loopr7_r5loop678,3,0,0.0
folds_2026_09_06_03_46.zip,puf12_r123_r567_r6loopr7_r5loop678_rna_auggaggacgugc_seed3/fold_puf12_r123_r567_r6loopr7_r5loop678_rna_auggaggacgugc_seed3_full_data_1.json,puf12_r123_r567_r6loopr7_r5loop678,3,1,0.0
folds_2026_09_06_03_46.zip,puf12_r123_r567_r6loopr7_r5loop678_rna_auggaggacgugc_seed3/fold_puf12_r123_r567_r6loopr7_r5loop678_rna_auggaggacgugc_seed3_full_data_2.json,puf12_r123_r567_r6loopr7_r5loop678,3,2,0.0
folds_2026_09_06_03_46.zip,puf12_r123_r567_r6loopr7_r5loop678_rna_auggaggacgugc_seed3/fold_puf12_r123_r567_r6loopr7_r5loop678_rna_auggaggacgugc_seed3_full_data_3.json,puf12_r123_r567_r6loopr7_r5loop678,3,3,0.0
folds_2026_09_06_03_46.zip,puf12_r123_r567_r6loopr7_r5loop678_rna_auggaggacgugc_seed3/fold_puf12_r123_r567_r6loopr7_r5loop678_rna_auggaggacgugc_seed3_full_data_4.json,puf12_r123_r567_r6loopr7_r5loop678,3,4,0.0
folds_2026_09_06_03_46.zip,puf12_r123_r567_r5loop67_r678_rna_auggaggacgugc_seed1/fold_puf12_r123_r567_r5loop67_r678_rna_auggaggacgugc_seed1_full_data_0.json,puf12_r123_r567_r5loop67_r678,1,0,0.0
folds_2026_09_06_03_46.zip,puf12_r123_r567_r5loop67_r678_rna_auggaggacgugc_seed1/fold_puf12_r123_r567_r5loop67_r678_rna_auggaggacgugc_seed1_full_data_1.json,puf12_r123_r567_r5loop67_r678,1,1,0.0
folds_2026_09_06_03_46.zip,puf12_r123_r567_r5loop67_r678_rna_auggaggacgugc_seed1/fold_puf12_r123_r567_r5loop67_r678_rna_auggaggacgugc_seed1_full_data_2.json,puf12_r123_r567_r5loop67_r678,1,2,0.0
folds_2026_09_06_03_46.zip,puf12_r123_r567_r5loop67_r678_rna_auggaggacgugc_seed1/fold_puf12_r123_r567_r5loop67_r678_rna_auggaggacgugc_seed1_full_data_3.json,puf12_r123_r567_r5loop67_r678,1,3,0.0
folds_2026_09_06_03_46.zip,puf12_r123_r567_r5loop67_r678_rna_auggaggacgugc_seed1/fold_puf12_r123_r567_r5loop67_r678_rna_auggaggacgugc_seed1_full_data_4.json,puf12_r123_r567_r5loop67_r678,1,4,0.0
folds_2026_09_06_03_46.zip,puf12_r123_r567_r6loopr7_r5loop678_rna_auggaggacgugc_seed1/fold_puf12_r123_r567_r6loopr7_r5loop678_rna_auggaggacgugc_seed1_full_data_0.json,puf12_r123_r567_r6loopr7_r5loop678,1,0,0.0
folds_2026_09_06_03_46.zip,puf12_r123_r567_r6loopr7_r5loop678_rna_auggaggacgugc_seed1/fold_puf12_r123_r567_r6loopr7_r5loop678_rna_auggaggacgugc_seed1_full_data_1.json,puf12_r123_r567_r6loopr7_r5loop678,1,1,0.0
folds_2026_09_06_03_46.zip,puf12_r123_r567_r6loopr7_r5loop678_rna_auggaggacgugc_seed1/fold_puf12_r123_r567_r6loopr7_r5loop678_rna_auggaggacgugc_seed1_full_data_2.json,puf12_r123_r567_r6loopr7_r5loop678,1,2,0.0
folds_2026_09_06_03_46.zip,puf12_r123_r567_r6loopr7_r5loop678_rna_auggaggacgugc_seed1/fold_puf12_r123_r567_r6loopr7_r5loop678_rna_auggaggacgugc_seed1_full_data_3.json,puf12_r123_r567_r6loopr7_r5loop678,1,3,0.0
folds_2026_09_06_03_46.zip,puf12_r123_r567_r6loopr7_r5loop678_rna_auggaggacgugc_seed1/fold_puf12_r123_r567_r6loopr7_r5loop678_rna_auggaggacgugc_seed1_full_data_4.json,puf12_r123_r567_r6loopr7_r5loop678,1,4,0.0
folds_2026_09_06_03_46.zip,puf12_r123_r567_r567_r678_rna_auggaggacgugc_seed6/fold_puf12_r123_r567_r567_r678_rna_auggaggacgugc_seed6_full_data_0.json,puf12_r123_r567_r567_r678,6,0,0.0
folds_2026_09_06_03_46.zip,puf12_r123_r567_r567_r678_rna_auggaggacgugc_seed6/fold_puf12_r123_r567_r567_r678_rna_auggaggacgugc_seed6_full_data_1.json,puf12_r123_r567_r567_r678,6,1,0.0
folds_2026_09_06_03_46.zip,puf12_r123_r567_r567_r678_rna_auggaggacgugc_seed6/fold_puf12_r123_r567_r567_r678_rna_auggaggacgugc_seed6_full_data_2.json,puf12_r123_r567_r567_r678,6,2,0.0
folds_2026_09_06_03_46.zip,puf12_r123_r567_r567_r678_rna_auggaggacgugc_seed6/fold_puf12_r123_r567_r567_r678_rna_auggaggacgugc_seed6_full_data_3.json,puf12_r123_r567_r567_r678,6,3,0.0
folds_2026_09_06_03_46.zip,puf12_r123_r567_r567_r678_rna_auggaggacgugc_seed6/fold_puf12_r123_r567_r567_r678_rna_auggaggacgugc_seed6_full_data_4.json,puf12_r123_r567_r567_r678,6,4,0.0
folds_2026_09_06_03_46.zip,puf12_r123_r567_r5loop67_r678_rna_auggaggacgugc_seed3/fold_puf12_r123_r567_r5loop67_r678_rna_auggaggacgugc_seed3_full_data_0.json,puf12_r123_r567_r5loop67_r678,3,0,0.0
folds_2026_09_06_03_46.zip,puf12_r123_r567_r5loop67_r678_rna_auggaggacgugc_seed3/fold_puf12_r123_r567_r5loop67_r678_rna_auggaggacgugc_seed3_full_data_1.json,puf12_r123_r567_r5loop67_r678,3,1,0.0
folds_2026_09_06_03_46.zip,puf12_r123_r567_r5loop67_r678_rna_auggaggacgugc_seed3/fold_puf12_r123_r567_r5loop67_r678_rna_auggaggacgugc_seed3_full_data_2.json,puf12_r123_r567_r5loop67_r678,3,2,0.0
folds_2026_09_06_03_46.zip,puf12_r123_r567_r5loop67_r678_rna_auggaggacgugc_seed3/fold_puf12_r123_r567_r5loop67_r678_rna_auggaggacgugc_seed3_full_data_3.json,puf12_r123_r567_r5loop67_r678,3,3,0.0
folds_2026_09_06_03_46.zip,puf12_r123_r567_r5loop67_r678_rna_auggaggacgugc_seed3/fold_puf12_r123_r567_r5loop67_r678_rna_auggaggacgugc_seed3_full_data_4.json,puf12_r123_r567_r5loop67_r678,3,4,0.0
folds_2026_09_06_03_46.zip,puf12_r123_r567_r567_r678_rna_auggaggacgugc_seed5/fold_puf12_r123_r567_r567_r678_rna_auggaggacgugc_seed5_full_data_0.json,puf12_r123_r567_r567_r678,5,0,0.0
folds_2026_09_06_03_46.zip,puf12_r123_r567_r567_r678_rna_auggaggacgugc_seed5/fold_puf12_r123_r567_r567_r678_rna_auggaggacgugc_seed5_full_data_1.json,puf12_r123_r567_r567_r678,5,1,0.0
folds_2026_09_06_03_46.zip,puf12_r123_r567_r567_r678_rna_auggaggacgugc_seed5/fold_puf12_r123_r567_r567_r678_rna_auggaggacgugc_seed5_full_data_2.json,puf12_r123_r567_r567_r678,5,2,0.0
folds_2026_09_06_03_46.zip,puf12_r123_r567_r567_r678_rna_auggaggacgugc_seed5/fold_puf12_r123_r567_r567_r678_rna_auggaggacgugc_seed5_full_data_3.json,puf12_r123_r567_r567_r678,5,3,0.0
folds_2026_09_06_03_46.zip,puf12_r123_r567_r567_r678_rna_auggaggacgugc_seed5/fold_puf12_r123_r567_r567_r678_rna_auggaggacgugc_seed5_full_data_4.json,puf12_r123_r567_r567_r678,5,4,0.0
folds_2026_09_06_03_46.zip,puf12_r123_r567_r5loop67_loopr678_rna_auggaggacgugc_seed2/fold_puf12_r123_r567_r5loop67_loopr678_rna_auggaggacgugc_seed2_full_data_0.json,puf12_r123_r567_r5loop67_loopr678,2,0,0.0
folds_2026_09_06_03_46.zip,puf12_r123_r567_r5loop67_loopr678_rna_auggaggacgugc_seed2/fold_puf12_r123_r567_r5loop67_loopr678_rna_auggaggacgugc_seed2_full_data_1.json,puf12_r123_r567_r5loop67_loopr678,2,1,0.0
folds_2026_09_06_03_46.zip,puf12_r123_r567_r5loop67_loopr678_rna_auggaggacgugc_seed2/fold_puf12_r123_r567_r5loop67_loopr678_rna_auggaggacgugc_seed2_full_data_2.json,puf12_r123_r567_r5loop67_loopr678,2,2,0.0
folds_2026_09_06_03_46.zip,puf12_r123_r567_r5loop67_loopr678_rna_auggaggacgugc_seed2/fold_puf12_r123_r567_r5loop67_loopr678_rna_auggaggacgugc_seed2_full_data_3.json,puf12_r123_r567_r5loop67_loopr678,2,3,0.0
folds_2026_09_06_03_46.zip,puf12_r123_r567_r5loop67_loopr678_rna_auggaggacgugc_seed2/fold_puf12_r123_r567_r5loop67_loopr678_rna_auggaggacgugc_seed2_full_data_4.json,puf12_r123_r567_r5loop67_loopr678,2,4,0.0
folds_2026_09_06_03_46.zip,puf12_r123_r5678_r5loop6788_rna_auggaggacgugc_seed4/fold_puf12_r123_r5678_r5loop6788_rna_auggaggacgugc_seed4_full_data_0.json,puf12_r123_r5678_r5loop6788,4,0,0.0
folds_2026_09_06_03_46.zip,puf12_r123_r5678_r5loop6788_rna_auggaggacgugc_seed4/fold_puf12_r123_r5678_r5loop6788_rna_auggaggacgugc_seed4_full_data_1.json,puf12_r123_r5678_r5loop6788,4,1,0.0
folds_2026_09_06_03_46.zip,puf12_r123_r5678_r5loop6788_rna_auggaggacgugc_seed4/fold_puf12_r123_r5678_r5loop6788_rna_auggaggacgugc_seed4_full_data_2.json,puf12_r123_r5678_r5loop6788,4,2,0.0
folds_2026_09_06_03_46.zip,puf12_r123_r5678_r5loop6788_rna_auggaggacgugc_seed4/fold_puf12_r123_r5678_r5loop6788_rna_auggaggacgugc_seed4_full_data_3.json,puf12_r123_r5678_r5loop6788,4,3,0.0
folds_2026_09_06_03_46.zip,puf12_r123_r5678_r5loop6788_rna_auggaggacgugc_seed4/fold_puf12_r123_r5678_r5loop6788_rna_auggaggacgugc_seed4_full_data_4.json,puf12_r123_r5678_r5loop6788,4,4,0.0
folds_2026_09_06_03_46.zip,puf12_r123_r567_r567_r678_rna_auggaggacgugc_seed3/fold_puf12_r123_r567_r567_r678_rna_auggaggacgugc_seed3_full_data_0.json,puf12_r123_r567_r567_r678,3,0,0.0
folds_2026_09_06_03_46.zip,puf12_r123_r567_r567_r678_rna_auggaggacgugc_seed3/fold_puf12_r123_r567_r567_r678_rna_auggaggacgugc_seed3_full_data_1.json,puf12_r123_r567_r567_r678,3,1,0.0
folds_2026_09_06_03_46.zip,puf12_r123_r567_r567_r678_rna_auggaggacgugc_seed3/fold_puf12_r123_r567_r567_r678_rna_auggaggacgugc_seed3_full_data_2.json,puf12_r123_r567_r567_r678,3,2,0.0
folds_2026_09_06_03_46.zip,puf12_r123_r567_r567_r678_rna_auggaggacgugc_seed3/fold_puf12_r123_r567_r567_r678_rna_auggaggacgugc_seed3_full_data_3.json,puf12_r123_r567_r567_r678,3,3,0.0
folds_2026_09_06_03_46.zip,puf12_r123_r567_r567_r678_rna_auggaggacgugc_seed3/fold_puf12_r123_r567_r567_r678_rna_auggaggacgugc_seed3_full_data_4.json,puf12_r123_r567_r567_r678,3,4,0.0
folds_2026_09_06_03_46.zip,puf12_r123_r567_r5loop67_loopr678_rna_auggaggacgugc_seed3/fold_puf12_r123_r567_r5loop67_loopr678_rna_auggaggacgugc_seed3_full_data_0.json,puf12_r123_r567_r5loop67_loopr678,3,0,0.0
folds_2026_09_06_03_46.zip,puf12_r123_r567_r5loop67_loopr678_rna_auggaggacgugc_seed3/fold_puf12_r123_r567_r5loop67_loopr678_rna_auggaggacgugc_seed3_full_data_1.json,puf12_r123_r567_r5loop67_loopr678,3,1,0.0
folds_2026_09_06_03_46.zip,puf12_r123_r567_r5loop67_loopr678_rna_auggaggacgugc_seed3/fold_puf12_r123_r567_r5loop67_loopr678_rna_auggaggacgugc_seed3_full_data_2.json,puf12_r123_r567_r5loop67_loopr678,3,2,0.0
folds_2026_09_06_03_46.zip,puf12_r123_r567_r5loop67_loopr678_rna_auggaggacgugc_seed3/fold_puf12_r123_r567_r5loop67_loopr678_rna_auggaggacgugc_seed3_full_data_3.json,puf12_r123_r567_r5loop67_loopr678,3,3,0.0
folds_2026_09_06_03_46.zip,puf12_r123_r567_r5loop67_loopr678_rna_auggaggacgugc_seed3/fold_puf12_r123_r567_r5loop67_loopr678_rna_auggaggacgugc_seed3_full_data_4.json,puf12_r123_r567_r5loop67_loopr678,3,4,0.0
folds_2026_09_06_03_46.zip,puf12_r123_r567_r5loop67_r678_rna_auggaggacgugc_seed2/fold_puf12_r123_r567_r5loop67_r678_rna_auggaggacgugc_seed2_full_data_0.json,puf12_r123_r567_r5loop67_r678,2,0,0.0
folds_2026_09_06_03_46.zip,puf12_r123_r567_r5loop67_r678_rna_auggaggacgugc_seed2/fold_puf12_r123_r567_r5loop67_r678_rna_auggaggacgugc_seed2_full_data_1.json,puf12_r123_r567_r5loop67_r678,2,1,0.0
folds_2026_09_06_03_46.zip,puf12_r123_r567_r5loop67_r678_rna_auggaggacgugc_seed2/fold_puf12_r123_r567_r5loop67_r678_rna_auggaggacgugc_seed2_full_data_2.json,puf12_r123_r567_r5loop67_r678,2,2,0.0
folds_2026_09_06_03_46.zip,puf12_r123_r567_r5loop67_r678_rna_auggaggacgugc_seed2/fold_puf12_r123_r567_r5loop67_r678_rna_auggaggacgugc_seed2_full_data_3.json,puf12_r123_r567_r5loop67_r678,2,3,0.0
folds_2026_09_06_03_46.zip,puf12_r123_r567_r5loop67_r678_rna_auggaggacgugc_seed2/fold_puf12_r123_r567_r5loop67_r678_rna_auggaggacgugc_seed2_full_data_4.json,puf12_r123_r567_r5loop67_r678,2,4,0.0
folds_2026_09_06_03_46.zip,puf12_r123_r567_r5loop67_loopr678_rna_auggaggacgugc_seed1/fold_puf12_r123_r567_r5loop67_loopr678_rna_auggaggacgugc_seed1_full_data_0.json,puf12_r123_r567_r5loop67_loopr678,1,0,0.0
folds_2026_09_06_03_46.zip,puf12_r123_r567_r5loop67_loopr678_rna_auggaggacgugc_seed1/fold_puf12_r123_r567_r5loop67_loopr678_rna_auggaggacgugc_seed1_full_data_1.json,puf12_r123_r567_r5loop67_loopr678,1,1,0.0
folds_2026_09_06_03_46.zip,puf12_r123_r567_r5loop67_loopr678_rna_auggaggacgugc_seed1/fold_puf12_r123_r567_r5loop67_loopr678_rna_auggaggacgugc_seed1_full_data_2.json,puf12_r123_r567_r5loop67_loopr678,1,2,0.0
folds_2026_09_06_03_46.zip,puf12_r123_r567_r5loop67_loopr678_rna_auggaggacgugc_seed1/fold_puf12_r123_r567_r5loop67_loopr678_rna_auggaggacgugc_seed1_full_data_3.json,puf12_r123_r567_r5loop67_loopr678,1,3,0.0
folds_2026_09_06_03_46.zip,puf12_r123_r567_r5loop67_loopr678_rna_auggaggacgugc_seed1/fold_puf12_r123_r567_r5loop67_loopr678_rna_auggaggacgugc_seed1_full_data_4.json,puf12_r123_r567_r5loop67_loopr678,1,4,0.0
folds_2026_09_06_03_46.zip,puf12_r123_r567_r6r7_r5678_rna_auggaggacgugc_seed2/fold_puf12_r123_r567_r6r7_r5678_rna_auggaggacgugc_seed2_full_data_0.json,puf12_r123_r567_r6r7_r5678,2,0,0.0
folds_2026_09_06_03_46.zip,puf12_r123_r567_r6r7_r5678_rna_auggaggacgugc_seed2/fold_puf12_r123_r567_r6r7_r5678_rna_auggaggacgugc_seed2_full_data_1.json,puf12_r123_r567_r6r7_r5678,2,1,0.0
folds_2026_09_06_03_46.zip,puf12_r123_r567_r6r7_r5678_rna_auggaggacgugc_seed2/fold_puf12_r123_r567_r6r7_r5678_rna_auggaggacgugc_seed2_full_data_2.json,puf12_r123_r567_r6r7_r5678,2,2,0.0
folds_2026_09_06_03_46.zip,puf12_r123_r567_r6r7_r5678_rna_auggaggacgugc_seed2/fold_puf12_r123_r567_r6r7_r5678_rna_auggaggacgugc_seed2_full_data_3.json,puf12_r123_r567_r6r7_r5678,2,3,0.0
folds_2026_09_06_03_46.zip,puf12_r123_r567_r6r7_r5678_rna_auggaggacgugc_seed2/fold_puf12_r123_r567_r6r7_r5678_rna_auggaggacgugc_seed2_full_data_4.json,puf12_r123_r567_r6r7_r5678,2,4,0.0
folds_2026_09_06_03_46.zip,puf12_r123_r5678_r5loop6788_rna_auggaggacgugc_seed3/fold_puf12_r123_r5678_r5loop6788_rna_auggaggacgugc_seed3_full_data_0.json,puf12_r123_r5678_r5loop6788,3,0,0.0
folds_2026_09_06_03_46.zip,puf12_r123_r5678_r5loop6788_rna_auggaggacgugc_seed3/fold_puf12_r123_r5678_r5loop6788_rna_auggaggacgugc_seed3_full_data_1.json,puf12_r123_r5678_r5loop6788,3,1,0.0
folds_2026_09_06_03_46.zip,puf12_r123_r5678_r5loop6788_rna_auggaggacgugc_seed3/fold_puf12_r123_r5678_r5loop6788_rna_auggaggacgugc_seed3_full_data_2.json,puf12_r123_r5678_r5loop6788,3,2,0.0
folds_2026_09_06_03_46.zip,puf12_r123_r5678_r5loop6788_rna_auggaggacgugc_seed3/fold_puf12_r123_r5678_r5loop6788_rna_auggaggacgugc_seed3_full_data_3.json,puf12_r123_r5678_r5loop6788,3,3,0.0
folds_2026_09_06_03_46.zip,puf12_r123_r5678_r5loop6788_rna_auggaggacgugc_seed3/fold_puf12_r123_r5678_r5loop6788_rna_auggaggacgugc_seed3_full_data_4.json,puf12_r123_r5678_r5loop6788,3,4,0.0
folds_2026_09_06_03_46.zip,puf12_r123_r567_r567_r678_rna_auggaggacgugc_seed4/fold_puf12_r123_r567_r567_r678_rna_auggaggacgugc_seed4_full_data_0.json,puf12_r123_r567_r567_r678,4,0,0.0
folds_2026_09_06_03_46.zip,puf12_r123_r567_r567_r678_rna_auggaggacgugc_seed4/fold_puf12_r123_r567_r567_r678_rna_auggaggacgugc_seed4_full_data_1.json,puf12_r123_r567_r567_r678,4,1,0.0
folds_2026_09_06_03_46.zip,puf12_r123_r567_r567_r678_rna_auggaggacgugc_seed4/fold_puf12_r123_r567_r567_r678_rna_auggaggacgugc_seed4_full_data_2.json,puf12_r123_r567_r567_r678,4,2,0.0
folds_2026_09_06_03_46.zip,puf12_r123_r567_r567_r678_rna_auggaggacgugc_seed4/fold_puf12_r123_r567_r567_r678_rna_auggaggacgugc_seed4_full_data_3.json,puf12_r123_r567_r567_r678,4,3,0.0
folds_2026_09_06_03_46.zip,puf12_r123_r567_r567_r678_rna_auggaggacgugc_seed4/fold_puf12_r123_r567_r567_r678_rna_auggaggacgugc_seed4_full_data_4.json,puf12_r123_r567_r567_r678,4,4,0.0
